Player Name,scene,mu,sigma,trueskill,tourneys,games,teams
Christop Corley,CHAT,24.51289167682528,2.324930157203612,19.863031362418056,5,134,brunch skunks/KQC3,The Adventure Drone/MGF2,Jen & Micah's 1-Year Anniversary/KQ30,Double it!/BB4,Bumbledore's Army/BB3
Amanda Norris,CHAT,22.043804412054943,3.6297543354465125,14.784295741161918,3,62,brunch skunks/KQC3,Jen & Micah's 1-Year Anniversary/KQ30,Bumbledore's Army/BB3
Micah Wallace,CHAT,25.6413786996224,2.503638957403134,20.634100784816134,5,120,brunch skunks/KQC3,Trash/MGF2,Jen & Micah's 1-Year Anniversary/KQ30,Double it!/BB4,Bumbledore's Army/BB3
Jen Wallace,CHA,29.859602733028616,4.000275068633666,21.859052595761284,2,40,brunch skunks/KQC3,Jen & Micah's 1-Year Anniversary/KQ30
Matthew Anderson,CHA,27.729184426759062,4.006053847328051,19.71707673210296,2,45,brunch skunks/KQC3,Top Bottoms/BB4
Ammar Ahmed,CLT,24.20859333403686,3.4598955789869614,17.288802176062937,3,68,BarBEE Dream Gate/KQC3,Super Smash Bees/BB4,Ginyu Force/BB3
Lisa Steward,CBUS,21.572105252368072,3.374147560998258,14.823810130371555,3,62,BarBEE Dream Gate/KQC3,ClusterDuc/BB4,Because I Got Hive/BB3
Kasi White,MPLS,25.21068477289439,1.6798508959266731,21.850982981041042,11,253,BarBEE Dream Gate/KQC3,Good Luck/GDC4,Daddy Long Tentacle/MGF2,sapnu puas/KQ30,Just Practicing/BB4,Hive it Our Way/HH2,Broke Boi$ Mtn/GDC3,Calamitibees/BB3,Crashed Ice/HH1,My Voice... on Anime/CC2,Farfetch'd Fan Club/CC3
Sarah Stewart,MPLS,27.048218266220335,2.443507121310734,22.161204023598867,4,96,BarBEE Dream Gate/KQC3,sapnu puas/KQ30,M A S K S/BB4,Calamitibees/BB3
Marina Catherine,MPLS,20.72644428119486,3.18430258912185,14.357839102951157,4,82,BarBEE Dream Gate/KQC3,Splash of SEA-MIN/MGF2,Marina & the Diamonds/BB4,Mulholland Dive/HH2
Spenser Kern,CIN,20.779956971217445,3.2027081099750587,14.374540751267327,3,71,Shadow Scene/KQC3,Dick Cheney Profited Off The Iraq War/BB4,Because I Got Hive/BB3
Bobby Boehl,CIN,27.248083837405556,2.96083838629152,21.326407064822515,2,59,Shadow Scene/KQC3,"Dope Hair, Don't Care/BB4"
Nick Monger,CIN,32.54030146725361,2.4052475950993766,27.72980627705486,5,122,Shadow Scene/KQC3,Super S H A S H Bros./MGF2,4+1/BB3,Blue Bulls/HH1,My Voice... on Anime/CC2
Victoria Bauscher,CIN,22.319424914133325,3.2570827605707997,15.805259392991726,3,69,Shadow Scene/KQC3,ClusterDuc/BB4,Because I Got Hive/BB3
Bethany Caspersz,CIN,25.332394502040557,3.145883993884262,19.040626514272034,2,60,Shadow Scene/KQC3,#paulallenscard/BB4
Dylan Conrad,CLT,29.527375707091874,2.1648775069046526,25.19762069328257,4,134,Mr. Tenders/KQC3,Hunks/KQ30,Spicy Milk/BB4,[loud barking noises]/BB3
Aaron Goldberg,CHI,31.556544738254164,1.6153333691757656,28.325877999902634,9,296,Mr. Tenders/KQC3,Surprise!/GDC4,Big Fair Don't Care/MGF2,The Yung Knuxxx/KQ30,Spicy Milk/BB4,The Yung Knucks/BB3,Sedona My Face/CC1,Sedona MySpace/CC2,Rise Up Lights/CC3
Ryan Waisner,CHI,27.031187734807858,2.891819930826036,21.247547873155785,3,83,Mr. Tenders/KQC3,The Leftovers/KQ30,It Has Been/BB3
Chris Cadayona,CHI,20.213646737867702,2.4103496067135928,15.392947524440515,4,117,Mr. Tenders/KQC3,The Yung Knuxxx/KQ30,Spicy Milk/BB4,Happy New Year/BB3
Cesar Bustos,CHI,32.95043880086566,1.7288902959226016,29.49265820902046,7,217,Mr. Tenders/KQC3,Dope Shit Only/GDC4,Two Spoons/MGF2,The Yung Knuxxx/KQ30,Spicy Milk/BB4,The Yung Knucks/BB3,Cheetoh/CC3
Sebastian Clavero,SFL,17.736702656387184,3.358966040656205,11.018770575074774,3,75,WE BEE SWARMIN’ FOR YA/KQC3,ALL FOUR ONE/KQ30,Fresh/BB4
Heather Browning,SFL,19.25296648187865,3.9669405525628463,11.319085376752959,3,49,WE BEE SWARMIN’ FOR YA/KQC3,Mr. Buth's Wild Ride/MGF2,ALL FOUR ONE/KQ30
Ryan Lescoe,CLT,22.511064592839052,2.489777720126232,17.531509152586587,5,120,WE BEE SWARMIN’ FOR YA/KQC3,Get Dixie Rekt/MGF2,POGS/BB4,Lakes On Mars/BB3,Blue Bulls/HH1
Tyler Cole,CLT,20.825576602732394,6.261603164517684,8.302370273697026,1,16,WE BEE SWARMIN’ FOR YA/KQC3
Megan Hirschy,CLT,20.825576602732397,6.261603164517684,8.30237027369703,1,16,WE BEE SWARMIN’ FOR YA/KQC3
JD Look,CLT,29.143457291497576,2.7439898694392157,23.655477552619146,3,80,Vertical Scroll/KQC3,OK Cool/KQ30,Mr. Buth's Wildest Flex/BB4
Justin Buth,CHI,30.257130916800566,1.9846930396892322,26.287744837422103,7,170,Vertical Scroll/KQC3,Mr. Buth's Wild Ride/MGF2,bingu!/KQ30,Mr. Buth's Wildest Flex/BB4,Hazard Phase/BB3,Big Drink Energy/HH1,Les Champs-Élyse/CC3
Gabriel Gray,CLT,26.520069140011195,3.2193200402463185,20.08142905951856,3,75,Vertical Scroll/KQC3,Corn on the Cab/KQ30,Marina & the Diamonds/BB4
Joel Stockard,KC,22.554250677311614,2.4865751518736077,17.5811003735644,5,122,Vertical Scroll/KQC3,Get Dixie Rekt/MGF2,OK Cool/KQ30,Bring Ingredient/BB4,Fleur de Bees/BB3
Enrique Garcia,CLT,27.283137717476123,5.139065198648524,17.005007320179075,1,20,Vertical Scroll/KQC3
Mitch Diemert,CBUS,27.913524764578494,2.037627808275376,23.83826914802774,5,156,Only Kinda Safe/KQC3,Super S H A S H Bros./MGF2,"MATH, But Beta/KQ30",YUH/BB4,Avatar Boi/BB3
Joe Woolum,CBUS,27.0329883628135,4.967637386076815,17.097713590659872,1,25,Only Kinda Safe/KQC3
Courtney Hickey,CBUS,26.30571171491113,3.1832692154857924,19.939173283939546,2,59,Only Kinda Safe/KQC3,I Write Wins Not Strategies/BB4
Christian Dummermuth,CBUS,25.31083940564557,3.995281450861867,17.320276503921836,2,45,Only Kinda Safe/KQC3,Talk XXX To Me/KQ30
Zac Robinson,CBUS,25.49230630907946,3.673598727749715,18.14510885358003,2,45,Only Kinda Safe/KQC3,Spicy: La BoiXXX/KQ30
Andrew Wilkening,NYC,36.59695261074091,2.096288838742719,32.40437493325547,5,155,Keep Yourself Alive/KQC3,Uh/KQ30,YUH/BB4,Mucho Tasto/GDC3,Team Break/BB3
Brian Wong,NY,38.80461251733696,1.9503009419061421,34.90401063352468,5,187,Keep Yourself Alive/KQC3,LL Sad J/KQ30,60%/BB4,CLEAN/BB3,Sam Is Coming/HH1
Prashant Sridhar,NYC,34.02952814538221,2.317579527664643,29.394369090052923,3,122,Keep Yourself Alive/KQC3,60%/BB4,CLEAN/BB3
Justin Krim,NYC,32.91372238001643,3.094101066667814,26.7255202466808,2,62,Keep Yourself Alive/KQC3,Some Side Cab Scrubs/BB3
Charles Pratt,NYC,26.206048374732035,2.1514251320233484,21.903198110685338,4,142,Keep Yourself Alive/KQC3,LL Sad J/KQ30,60%/BB4,Lakes On Mars/BB3
Clarkson,BMOR,23.265547321068112,2.4156561876809657,18.43423494570618,4,101,Bye/KQC3,East Coast Beast Coast/MGF2,FaZe Clan/KQ30,Mr. Buth's Wildest Flex/BB4
Melanie Szemis,PDX,29.84463446408226,2.1729659477535446,25.498702568575172,7,159,Bye/KQC3,Nick@Nite Map/GDC4,Not Safe for Snail/KQ30,Mr. Buth's Wildest Flex/BB4,Berry'd Treasure/BB3,Natural Snail Enhancement/HH1,Cactus Trash/CC2
Steve Parker,DC,21.519131206730925,3.193513066335311,15.132105074060304,4,84,Bye/KQC3,A Team Has No Name/MGF2,Marina & the Diamonds/BB4,Mulholland Dive/HH2
Chris Preisinger,BMORE,26.49758566087878,6.608365941368396,13.280853778141989,1,12,Bye/KQC3
Adam Forejt,BMORE,26.49758566087878,6.608365941368396,13.280853778141989,1,12,Bye/KQC3
Brian McMahon,SF,27.534546062717155,1.9549867045235085,23.62457265367014,6,163,Anti Social Snail Club/KQC3,Elon Dusk/GDC4,Thirty Shades of Day/KQ30,Pierre Escargot/BB4,Double Dreygon/HH2,Snailor Jerry/CC3
Miranda Steele,SF,22.39894371646537,1.8047061198845677,18.789531476696236,9,198,Anti Social Snail Club/KQC3,Dope Shit Only/GDC4,Not Safe for Snail/KQ30,Queens of the Drone Age/HH2,Earthquake Season/GDC3,Day All Night/BB3,Blue Bulls/HH1,Fifth Wheel/CC2,Les Champs-Élyse/CC3
DRay WIlliams,SF,26.283363721422216,5.649334763189365,14.984694195043486,1,14,Anti Social Snail Club/KQC3
Andrew Dotson,SF,32.105778021582076,1.7334247968250724,28.63892842793193,9,250,Anti Social Snail Club/KQC3,Elon Dusk/GDC4,JoshB's SF Squad/KQ30,HoBB4/BB4,Mahalo/GDC3,Chomp Chomp/BB3,Womp Womp/HH1,Where Have All The Techbros Gone?/CC2,Chill Chill Chill/CC3
Gino Miglio,SF,29.57712856163795,1.8488596681326692,25.879409225372612,7,181,Anti Social Snail Club/KQC3,Elon Dusk/GDC4,Pierre Escargot/BB4,Queens of the Drone Age/HH2,Day All Night/HH1,Where Have All The Techbros Gone?/CC2,Snailor Jerry/CC3
William Definbaugh,DC,17.938924470719943,7.114274552933859,3.7103753648522257,1,11,Dingle Berries/KQC3
David Tien,BMORE,17.938924470719943,7.114274552933859,3.7103753648522257,1,11,Dingle Berries/KQC3
Dominic Pham,BMORE,17.938924470719943,7.114274552933859,3.7103753648522257,1,11,Dingle Berries/KQC3
Michael Ohr,DC,17.938924470719943,7.114274552933859,3.7103753648522257,1,11,Dingle Berries/KQC3
Megan Richards,BMORE,17.938924470719943,7.114274552933859,3.7103753648522257,1,11,Dingle Berries/KQC3
Courtney LaSchultz,CLT,27.73012756628771,2.179841007706593,23.370445550874525,5,133,Queen's Revenge/KQC3,East Coast Beast Coast/MGF2,Queen's Revenge/KQ30,Queen's Revenge/BB4,Queen's Revenge/BB3
Jacob LaSchultz,CLT,27.730127566287667,2.179841007706593,23.370445550874482,5,133,Queen's Revenge/KQC3,East Coast Beast Coast/MGF2,Queen's Revenge/KQ30,Queen's Revenge/BB4,Queen's Revenge/BB3
Cheyenne Steel,CLT,28.006095266998976,2.4703163221223163,23.065462622754342,4,105,Queen's Revenge/KQC3,Queen's Revenge/KQ30,Queen's Revenge/BB4,Queen's Revenge/BB3
Steven Saenz,CLT,28.006095266998933,2.4703163221223163,23.0654626227543,4,105,Queen's Revenge/KQC3,Queen's Revenge/KQ30,Queen's Revenge/BB4,Queen's Revenge/BB3
Preston Truett Grigg,CLT,24.11165484356707,2.7125251634184804,18.68660451673011,3,73,Queen's Revenge/KQC3,Queen's Revenge/KQ30,Queen's Revenge/BB4
Nathan Palmer,MPLS,27.430102552945645,1.986903140658608,23.45629627162843,8,188,"We put the ""i"" in CLT/KQC3",Something Something Toxic/MGF2,ToXXXic/KQ30,POGS/BB4,Bee Day Squad/HH2,TOXIC/BB3,Red-y and A-bull/HH1,Pork and Bees/CC1
Michelle Lutz,MPLS,17.07154896599998,2.487676495799104,12.096195974401773,5,108,"We put the ""i"" in CLT/KQC3",Something Something Toxic/MGF2,ToXXXic/KQ30,M A S K S/BB4,TOXIC/BB3
Belia Portillo,CHI,27.073313939538174,2.285318814201053,22.502676311136067,7,143,"We put the ""i"" in CLT/KQC3",Nick@Nite Map/GDC4,Mr. Buth's Wild Ride/MGF2,The Leftovers/KQ30,Keeper of the Shades™/BB4,It Has Been/BB3,Day All Night/HH1
Imandra McKenzie,PDX,37.655270126829066,1.763011634051264,34.12924685872654,9,240,"We put the ""i"" in CLT/KQC3",The Bees With Two Backs/GDC4,J Mind/MGF2,sapnu puas/KQ30,Pince Harming/BB4,Ruin My Hole/GDC3,Berry'd Treasure/BB3,Red-y and A-bull/HH1,I DIED AND I'M SORRY/CC2
Tiana Tan,NY,31.18594557736116,1.7278542912475083,27.730236994866143,8,243,"We put the ""i"" in CLT/KQC3",Dope Shit Only/GDC4,East Coast Beast Coast/MGF2,Bee Bang Banditos/KQ30,FSw/oU/BB4,Mucho Tasto/GDC3,Rice 'n Bees/BB3,"Look Ma, No Wings!/HH1"
Craig Payne,CBUS,32.26344375272651,2.250494909156764,27.76245393441298,4,118,MATH/KQC3,"MATH, But Beta/KQ30",YUH/BB4,4+1/BB3
Hell Logsdon,CBUS,27.344305402778236,1.7443102530763386,23.855684896625558,6,204,MATH/KQC3,S H A S H Strikes Back/MGF2,"MATH, But Beta/KQ30",YUH/BB4,4+1/BB3,SHASH for the CLASH/CC2
Matt Thompson,CBUS,31.487070975157422,2.244781879738399,26.997507215680624,4,119,MATH/KQC3,"MATH, But Beta/KQ30","Dope Hair, Don't Care/BB4",4+1/BB3
Duc Nguyen,CBUS,31.13912193543359,3.367552824737033,24.40401628595952,2,51,MATH/KQC3,ClusterDuc/BB4
Carlos DeLaSerda,CBUS,32.74397536576139,2.090424408367439,28.563126549026514,5,144,MATH/KQC3,Super S H A S H Bros./MGF2,"MATH, But Beta/KQ30",oh no/BB4,4+1/BB3
Brian McFadden,NYC,25.88396204749295,2.600055139490925,20.6838517685111,4,105,Bae Caught Me Drippin'/KQC3,Chum Bucket/KQ30,Big Mac and The McNuggets/BB4,Bae Caught Me Drippin'/BB3
Daphane Love,NYC,24.874912835518096,2.4168541010136666,20.041204633490764,4,104,Bae Caught Me Drippin'/KQC3,[loud daphane noises]/KQ30,grandpa-billy.rake/BB4,Bae Caught Me Drippin'/BB3
Victor Jardim,NYC,24.87491283551805,2.4168541010136666,20.041204633490715,4,104,Bae Caught Me Drippin'/KQC3,[loud daphane noises]/KQ30,grandpa-billy.rake/BB4,Bae Caught Me Drippin'/BB3
Drew Bolduc,NYC,22.673659992253818,4.37641497842642,13.920830035400977,2,44,Bae Caught Me Drippin'/KQC3,Bae Caught Me Drippin'/BB3
Brian Lancaster,CLT,32.83763451012135,1.6567242386080692,29.52418603290521,8,228,Bae Caught Me Drippin'/KQC3,Bonus Soulless/GDC4,Daddy Long Tentacle/MGF2,OK Cool/KQ30,Just Practicing/BB4,Got Gitted Good/HH2,East Coast Snailers/BB3,Sam Is Coming/HH1
Katie Rhodes,CHI,22.856555782261744,3.1741693170156804,16.508217148230383,3,64,Post Meta Malone/KQC3,Domme/KQ30,BumbleTrash/BB4
Diana Moya-James,CHI,17.922566116737997,4.85762920085884,8.207307715020317,2,28,Post Meta Malone/KQC3,Domme/KQ30
Ian Lukidis,CHI,25.759590163627422,2.5643817855684867,20.63082659249045,5,107,Post Meta Malone/KQC3,Mr. Buth's Wild Ride/MGF2,Uh/KQ30,Bring Ingredient/BB4,Miller Luck/CC3
Jenn Gilbert,MAD,26.705194793682463,2.2466174133228574,22.211959967036748,6,142,Post Meta Malone/KQC3,Surprise!/GDC4,Tim Curry & The Mystery of Cheese Pizza/MGF2,Hunks/KQ30,Some Like It Honk/BB4,Hot Dish/BB3
Lev Bakin,MAD,32.167344807573734,2.087246571942426,27.99285166368888,6,162,Post Meta Malone/KQC3,Surprise!/GDC4,Tim Curry & The Mystery of Cheese Pizza/MGF2,Hunks/KQ30,Some Like It Honk/BB4,Nice~Heaven/BB3
Jordan Navarra,CLT,25.932685776978364,2.384254685118888,21.164176406740587,5,114,Luibee's Mansion/KQC3,Boops Ahoy/MGF2,Spicy: La BoiXXX/KQ30,I Write Wins Not Strategies/BB4,Avatar Boi/BB3
Ben Graif,NYC,24.255338550661925,5.906702906080869,12.441932738500187,1,13,Luibee's Mansion/KQC3
Kristian Andrewson,CLT,23.418429482417658,3.3782544591480232,16.661920564121612,2,47,Luibee's Mansion/KQC3,I Write Wins Not Strategies/BB4
Andrew Griner,CLT,31.216188908208558,2.1496434038020418,26.916902100604474,6,152,Luibee's Mansion/KQC3,Get Dixie Rekt/MGF2,Spicy: La BoiXXX/KQ30,I Write Wins Not Strategies/BB4,Avatar Boi/BB3,My Voice... on Anime/CC2
Erin Cowles,CLT,24.25533855066192,5.906702906080869,12.441932738500183,1,13,Luibee's Mansion/KQC3
Drew Sandquist,NY,29.906563374856667,2.154361258747559,25.597840857361547,6,167,PUERTO RICO/KQC3,J Mind/MGF2,LaCroix Super Drank/KQ30,Big Mac and The McNuggets/BB4,Pigeon Rats/BB3,Red-y and A-bull/HH1
Marian Wu,NYC,27.716544408102088,1.6957200087644155,24.32510439057326,8,233,PUERTO RICO/KQC3,Shots Fired/KQ30,grandpa-billy.rake/BB4,Hive it Our Way/HH2,Pigeon Rats/BB3,"Look Ma, No Wings!/HH1",MDMA W/CC2,Sir HaTrick Stewart/CC3
Anthony Paredes,NY,27.921695871430337,2.321699534377357,23.278296802675623,4,121,PUERTO RICO/KQC3,Melissophilia/KQ30,Pigeon Rats/BB3,"Look Ma, No Wings!/HH1"
Mustafa Allsop,NYC,33.8252388755893,2.0303981211705127,29.764442633248272,4,141,PUERTO RICO/KQC3,Melissophilia/KQ30,grandpa-billy.rake/BB4,Pigeon Rats/BB3
Jorge Hernandez,CLT,27.508673225646135,2.053223218791308,23.40222678806352,4,145,PUERTO RICO/KQC3,Bee Bang Banditos/KQ30,chicken nuggets/BB4,[loud barking noises]/BB3
Chase Reeve,CHA,28.124115389555804,2.385672213588009,23.352770962379786,4,111,The Notorious B.E.E./KQC3,The Adventure Drone/MGF2,Don't Go Chasing Waterfalls/KQ30,Double it!/BB4
Tyler Fordice,CHA,28.12411538955575,2.385672213588009,23.352770962379733,4,111,The Notorious B.E.E./KQC3,The Adventure Drone/MGF2,Don't Go Chasing Waterfalls/KQ30,Double it!/BB4
Kenny Hylle,CHA,26.011225890567655,5.902501429399938,14.20622303176778,1,14,The Notorious B.E.E./KQC3
Blake Fisher,CHA,24.93344612629903,3.220093940553556,18.49325824519192,3,71,The Notorious B.E.E./KQC3,Don't Go Chasing Waterfalls/KQ30,Top Bottoms/BB4
William Bryant,CHA,23.83380168651973,3.1805668376862974,17.472668011147135,3,72,The Notorious B.E.E./KQC3,Don't Go Chasing Waterfalls/KQ30,"Honey, I Killed the Queen!/BB4"
James Brown,CLT,26.81374410360176,2.875051898336768,21.063640306928225,3,68,Eyes on the Hives/KQC3,Spicy: La BoiXXX/KQ30,I Write Wins Not Strategies/BB4
Andrew Talarico,CLT,22.479732058356714,4.2967851674011035,13.886161723554507,2,42,Eyes on the Hives/KQC3,Sydney's Side Bees/BB4
Kyle McKinney,CLT,26.37145501563287,3.2500090750047437,19.87143686562338,2,48,Eyes on the Hives/KQC3,Just Practicing/BB4
Ryan Knerr,STL,28.100865567970917,2.2020175656251344,23.69683043672065,6,149,Eyes on the Hives/KQC3,Boops Ahoy/MGF2,Arcade AF/KQ30,Dank Booty Apparel Company/BB4,How I Met Your Hover/BB3,Babysitter's Club/CC3
Matthew Nicholas,CLT,29.313929958336146,5.755050851695987,17.80382825494417,1,14,Eyes on the Hives/KQC3
John Koutroulakis,CLT,31.04134024585498,2.1262036620659996,26.78893292172298,4,138,fridge genie/KQC3,Bee Bang Banditos/KQ30,chicken nuggets/BB4,[loud barking noises]/BB3
Amanda Lax,CLT,30.193223207178622,2.550338585244989,25.092546036688645,4,107,fridge genie/KQC3,Domme/KQ30,chicken nuggets/BB4,[loud barking noises]/BB3
Maria Barrell,CLT,26.074796190585616,2.2647628881914694,21.545270414202676,4,123,fridge genie/KQC3,Trash/MGF2,Bee Bang Banditos/KQ30,BOOM! Tetris/BB4
Andy Laber,KC,32.704474047666636,2.5606729891632236,27.58312806934019,3,83,fridge genie/KQC3,OK Cool/KQ30,"Dope Hair, Don't Care/BB4"
Joe Enrico,CLT,24.124215109023396,3.0776047988065245,17.969005511410348,3,77,fridge genie/KQC3,BOOM! Tetris/BB4,Because I Got Hive/BB3
Kyle Shipwash,CLT,30.963445678354773,1.7255441723553722,27.51235733364403,8,226,Bonus Nap/KQC3,Bonus Soulless/GDC4,Daddy Long Tentacle/MGF2,sapnu puas/KQ30,Just Practicing/BB4,Bonus Nap/BB3,Bonus Nap/HH1,Daddy Mayo/CC3
Stephi Castillo,CLT,27.816527956110388,1.984750797568329,23.84702636097373,6,168,Bonus Nap/KQC3,Bonus Soulless/GDC4,Bonus Salt Queen/KQ30,chicken nuggets/BB4,Bonus Nap/BB3,Bonus Nap/HH1
Travis Teta,CLT,27.816527956110388,1.984750797568329,23.84702636097373,6,168,Bonus Nap/KQC3,Bonus Soulless/GDC4,Bonus Salt Queen/KQ30,chicken nuggets/BB4,Bonus Nap/BB3,Bonus Nap/HH1
Jose Velasco,CLT,28.372947915436633,2.061712813594244,24.249522288248144,6,169,Bonus Nap/KQC3,J Mind/MGF2,DON'T PANIC/KQ30,oh no/BB4,Bonus Nap/BB3,Bonus Nap/HH1
Aaron Tran,CLT,32.617121298999606,1.6903599447709912,29.236401409457624,9,242,Bonus Nap/KQC3,Bonus Soulless/GDC4,Bonus Salt Queen/KQ30,Keeper of the Shades™/BB4,Queens of the Drone Age/HH2,Ruin My Hole/GDC3,Bonus Nap/BB3,Bonus Nap/HH1,My Voice... on Anime/CC2
Troy Stenstrom,MPLS,24.381422630558397,2.077910151903712,20.225602326750973,5,147,Fyre Fest 2/KQC3,Daddy Long Tentacle/MGF2,Shots Fired/KQ30,Mr. Buth's Wildest Flex/BB4,NODEX/BB3
J Sisk,MPLS,36.587343824319994,1.7593954371017049,33.06855295011658,6,209,Fyre Fest 2/KQC3,Reeeeeeee/MGF2,Shots Fired/KQ30,Live Laugh Love/BB4,Purple Reign/BB3,Fons Pszczoly/CC1
Blake Compton,CBUS,26.963632090818734,2.2279725426545864,22.50768700550956,4,114,Fyre Fest 2/KQC3,Super S H A S H Bros./MGF2,Bonus Salt Queen/KQ30,"Dope Hair, Don't Care/BB4"
Kevin Merryman,CBUS,23.54837347046797,3.481454629128193,16.585464212211583,2,49,Fyre Fest 2/KQC3,Eat My Jorts/KQ30
Yennhi Vo,MPLS,33.5950462923703,2.207545586142138,29.17995512008602,3,99,Fyre Fest 2/KQC3,Reeeeeeee/MGF2,POGS/BB4
Dave Walsh,LA,33.02921325088807,2.1932057552483064,28.642801740391455,3,107,Seattle BooperSonics/KQC3,Seattle BooperSonics/KQ30,Seattle BooperSonics/BB4
Gabriel Sosa,SEA,23.816527034797204,1.9590985755703334,19.898329883656537,6,156,Seattle BooperSonics/KQC3,Seattle BooperSonics/KQ30,Seattle BooperSonics/BB4,Couples Bearapy/GDC3,Show Me Your Boops/CC1,Hollywood Reboot/CC3
Kevin Marnell,SEA,35.07431444209568,1.5585200403335313,31.957274361428613,9,292,Seattle BooperSonics/KQC3,Be Bestest/GDC4,Big Fair Don't Care/MGF2,Seattle BooperSonics/KQ30,Seattle BooperSonics/BB4,Two Week Notice/HH2,Seattle BooperSonics/BB3,Classic Romcom/CC2,Hollywood Reboot/CC3
Brandon Craig,SEA,30.550523819761672,4.141251746405037,22.2680203269516,1,26,Seattle BooperSonics/KQC3
Chris McGrath,SEA,31.17242681284148,3.2016665233109878,24.769093766219505,3,68,Seattle BooperSonics/KQC3,Jupiter Rising/BB3,RAGE FACE/CC2
Sam Beckman,NY,35.3976358160516,1.9695626739739334,31.458510468103732,5,184,Princes Among Boys/KQC3,LL Sad J/KQ30,60%/BB4,CLEAN/BB3,Sam Is Coming/HH1
Sarah Greenwood,NYC,30.564707501304735,1.6297843589886636,27.305138783327408,8,289,Princes Among Boys/KQC3,Be Bestest/GDC4,S H A S H Strikes Back/MGF2,Melissophilia/KQ30,60%/BB4,Team Break/BB3,Sam Is Coming/HH1,SHASH for the CLASH/CC2
Wyatt Yeong,NYC,32.89847035730289,1.747334208573976,29.40380194015494,9,259,Princes Among Boys/KQC3,Surprise!/GDC4,Boops Ahoy/MGF2,LL Sad J/KQ30,Put Your Hands In The Air/BB4,Mucho Tasto/GDC3,Team Break/BB3,"Look Ma, No Wings!/HH1",MDMA W/CC2
Austin Waters,NYC,34.51523208191216,1.9009865123568128,30.713259057198535,6,197,Princes Among Boys/KQC3,LL Sad J/KQ30,Put Your Hands In The Air/BB4,Some Side Cab Scrubs/BB3,Sam Is Coming/HH1,MDMA W/CC2
Rob Neuhaus,NYC,31.358075338607872,2.0214868912623856,27.3151015560831,5,151,Princes Among Boys/KQC3,Super S H A S H Bros./MGF2,Chum Bucket/KQ30,oh no/BB4,Some Side Cab Scrubs/BB3
Dan Shupp,SF,23.557866976780634,1.7195382076862877,20.11879056140806,9,231,TallBaes/KQC3,Tylbaes/GDC4,Two Spoons/MGF2,CHiSP/KQ30,SF Sekrit/BB4,Earthquake Season/GDC3,lil chomp/BB3,SFXXX/HH1,Snailor Jerry/CC3
Scott Wilkewitz,SF,27.821875102751992,1.8213043398247635,24.179266423102465,8,203,TallBaes/KQC3,Tylbaes/GDC4,Two Week Notice/HH2,Mahalo/GDC3,lil chomp/BB3,SFXXX/HH1,Pork and Bees/CC1,The Mattrix™️/CC3
Ryan Piaget,SF,26.60007006746452,1.7811814689603125,23.037707129543897,8,210,TallBaes/KQC3,Tylbaes/GDC4,CHiSP/KQ30,SF Sekrit/BB4,Day All Night/BB3,Day All Night/HH1,Where Have All The Techbros Gone?/CC2,Snailor Jerry/CC3
Felix Yuan,SF,25.118042851960404,1.5144805226183422,22.08908180672372,12,320,TallBaes/KQC3,Bay Area Rapid Tappers/GDC4,Reeeeeeee/MGF2,JoshB's SF Squad/KQ30,Pierre Escargot/BB4,Two Week Notice/HH2,Hate & Smashberry/GDC3,Chomp Chomp/BB3,Womp Womp/HH1,BYE FELIXIA/CC1,Where Have All The Techbros Gone?/CC2,Les Champs-Élyse/CC3
Sam Weddle,PHX,30.678317050703317,1.503766470530574,27.67078410964217,12,353,TallBaes/KQC3,Tylbaes/GDC4,S H A S H Strikes Back/MGF2,FaZe Clan/KQ30,M A S K S/BB4,Two Week Notice/HH2,Hate & Smashberry/GDC3,Beenix Rising/BB3,Gates Give You Wings/HH1,Sedona My Face/CC1,SHASH for the CLASH/CC2,Homecoming/CC3
Ken Mosley,CBUS,23.335331993892407,5.03453596608726,13.266260061717887,1,20,LaCroix Super Drinkers/KQC3
Stuart Lightfoot,CBUS,21.823763007608395,4.2783168120499475,13.2671293835085,2,39,LaCroix Super Drinkers/KQC3,LaCroix Super Drank/KQ30
Nicole De Vall,CLT,17.760452838483808,3.9809180866709197,9.798616665141967,2,48,LaCroix Super Drinkers/KQC3,Sydney's Side Bees/BB4
Eli Azizy,CLT,32.76134546465141,2.4313562704533687,27.898632923744675,4,113,LaCroix Super Drinkers/KQC3,[loud daphane noises]/KQ30,A Good Sussparilla/BB4,[loud barking noises]/BB3
Jenna Reynolds,CLT,28.372159712420984,2.6254163211857238,23.12132707004954,4,99,LaCroix Super Drinkers/KQC3,[loud daphane noises]/KQ30,BumbleTrash/BB4,Ginyu Force/BB3
Sean Creel,DC,21.01134659461484,6.87852889862185,7.254288797371139,1,12,TEAM NAME/KQC3
Emma Atlas,DC,17.462543405761043,5.732567670110775,5.997408065539492,2,29,TEAM NAME/KQC3,Stinger Bell/KQ30
Sebastian Joseph,BMOR,15.176596899252333,3.9083590529147503,7.3598787934228325,3,62,TEAM NAME/KQC3,Stinger Bell/KQ30,"Honey, I Killed the Queen!/BB4"
Ryan Cole,DC,21.01134659461484,6.87852889862185,7.254288797371139,1,12,TEAM NAME/KQC3
Jason Guy,DC,21.01134659461484,6.87852889862185,7.254288797371139,1,12,TEAM NAME/KQC3
Deanna Lopez,SFL,28.154666973217456,2.285649112919713,23.58336874737803,5,122,Ol’ Dirty Berries/KQC3,East Coast Beast Coast/MGF2,OK Cool/KQ30,oh no/BB4,Glitch/HH1
Levi - SFL,SFL,25.02754710478763,4.0810378151314115,16.865471474524806,3,52,Ol’ Dirty Berries/KQC3,Laser Wolf/MGF2,ALL FOUR ONE/KQ30
John - SFL,SFL,26.617797113604663,6.001293697382661,14.61520971883934,1,16,Ol’ Dirty Berries/KQC3
Casey,CHA,26.617797113604666,6.001293697382661,14.615209718839344,1,16,Ol’ Dirty Berries/KQC3
Jon Lyons,CIN,23.251085962359042,4.852230856284482,13.546624249790078,2,35,Ol’ Dirty Berries/KQC3,Because I Got Hive/BB3
Kevin Constantino,NYC,33.72380178802734,2.2843717152646343,29.15505835749807,4,117,Law & Order/KQC3,Chum Bucket/KQ30,oh no/BB4,Some Side Cab Scrubs/BB3
Anna Willoughby,ATL,29.985115221447547,2.695073860923518,24.59496749960051,3,83,Law & Order/KQC3,Keeper of the Shades™/BB4,Some Side Cab Scrubs/BB3
Jack Schlesinger,NYC,21.57049700520955,2.6539279075491637,16.26264119011122,3,88,Law & Order/KQC3,Corn on the Cab/KQ30,Put Your Hands In The Air/BB4
Reinaldo McNally,NYC,29.905093800551857,3.412408628199731,23.080276544152394,2,58,Law & Order/KQC3,Rice 'n Bees/BB3
Bobby Hutter,CLT,30.822679513031805,2.3154538548843626,26.19177180326308,4,104,Law & Order/KQC3,sapnu puas/KQ30,Just Practicing/BB4,East Coast Snailers/BB3
Ash Ramirez,SF,20.661346679928084,2.2548107436959577,16.15172519253617,6,153,Tony's 2D Jelly/GDC4,JoshB's SF Squad/KQ30,Oishīdesu ka?/BB4,Double or Nothing/GDC3,DeathQueen/BB3,Pork and Bees/CC1
Derek Nomaddic,SF,26.809363403241495,2.2973178362697535,22.214727730701988,6,141,Tony's 2D Jelly/GDC4,Thirty Shades of Day/KQ30,Pierre Escargot/BB4,T.E.A.M./GDC3,DeathQueen/BB3,Snailor Jerry/CC3
Kelly Kim,SF,26.593368281093532,2.078757205135051,22.43585387082343,6,164,Tony's 2D Jelly/GDC4,CHiSP/KQ30,HoBB4/BB4,T.E.A.M./GDC3,DeathQueen/BB3,The Mattrix™️/CC3
Jessica Loginov,SF,29.5982124757235,3.203336646880492,23.191539181962515,3,66,Tony's 2D Jelly/GDC4,Thirty Shades of Day/KQ30,Les Champs-Élyse/CC3
Tony Hauber,ELK,19.1046988715239,2.6525833646905808,13.79953214214274,6,130,Tony's 2D Jelly/GDC4,Thirty Shades of Day/KQ30,Oishīdesu ka?/BB4,Hate & Smashberry/GDC3,DeathQueen/BB3,BYE FELIXIA/CC1
Jeremy Watson,SF,32.60523570906483,2.1912259377249175,28.222783833614994,5,145,Surprise!/GDC4,Double Dreygon/HH2,T.E.A.M./GDC3,Chomp Chomp/BB3,Womp Womp/HH1
Jared Nyman,SLC,19.894550326676086,4.251750785770018,11.39104875513605,2,45,Latter Day Snails/GDC4,Stat Daddies/CC3
McKenna Caldwell,SLC,21.91864667363593,3.310960277783298,15.296726118069333,3,87,Latter Day Snails/GDC4,Escarletsgo/BB4,Berry Gives You Wings/HH2
Elyse Freeman,SLC,30.003448870881247,2.5046028762906793,24.994243118299888,4,124,Latter Day Snails/GDC4,Escarletsgo/BB4,Bumpkin Spice Latte/HH2,Les Champs-Élyse/CC3
Curtis Clements,SLC,21.176441094981442,2.9292468710551303,15.317947352871181,4,102,Latter Day Snails/GDC4,Escarletsgo/BB4,Mulholland Dive/HH2,Stat Daddies/CC3
Mark Howell,SLC,24.334433113677843,3.1607492968967703,18.012934519884304,3,82,Latter Day Snails/GDC4,Bumpkin Spice Latte/HH2,Miller Luck/CC3
Brian Lee,SF,30.339875366353326,1.893178769883269,26.553517826586788,9,227,Bay Area Rapid Tappers/GDC4,CHiSP/KQ30,HoBB4/BB4,Mahalo/GDC3,lil chomp/BB3,SFXXX/HH1,Punxsutawney Trill/CC1,Where Have All The Techbros Gone?/CC2,Attack of the Crones/CC3
Steve Halili,SF,33.976305795116055,1.6237990434178626,30.72870770828033,8,257,Bay Area Rapid Tappers/GDC4,JoshB's SF Squad/KQ30,SF Sekrit/BB4,Double Dreygon/HH2,T.E.A.M./GDC3,Chomp Chomp/BB3,Womp Womp/HH1,The Mattrix™️/CC3
DRay Williams,SF,29.45943170376091,1.666214766884898,26.127002169991115,7,206,Bay Area Rapid Tappers/GDC4,Daddy Long Tentacle/MGF2,Not Safe for Snail/KQ30,SF Sekrit/BB4,Double Dreygon/HH2,Queso Fresco/GDC3,Rise Up Lights/CC3
Sean Kelly,SF,31.96289711025747,3.5326398967315664,24.897617316794335,2,44,Bay Area Rapid Tappers/GDC4,Mahalo/GDC3
Tyler Moloney,PHX,30.340463393919222,1.6305844310718187,27.079294531775584,9,283,Tylbaes/GDC4,FaZe Clan/KQ30,Mologna Sandwich/BB4,Two Week Notice/HH2,Beenix Rising/BB3,Gates Give You Wings/HH1,Dank MayMays/CC1,Executive Producer Dick Wolfpac/CC2,Homecoming/CC3
Pierre LaFortune,SF,28.069490930750057,2.0004086058388797,24.068673719072297,7,164,Elon Dusk/GDC4,Thirty Shades of Day/KQ30,Pierre Escargot/BB4,Earthquake Season/GDC3,Day All Night/BB3,Day All Night/HH1,Cheetoh/CC3
Matt Wu,SF,31.458228947306623,2.2920016455016206,26.87422565630338,3,100,Elon Dusk/GDC4,HoBB4/BB4,The Mattrix™️/CC3
Damish Shah,PDX,32.95485313708393,1.9485691171101431,29.057714902863644,6,171,The Bees With Two Backs/GDC4,Pince Harming/BB4,Flappers & The Dapper Tappers/BB3,Bread Bowl/HH1,MDMA W/CC2,Sir HaTrick Stewart/CC3
Dylan Higgins,PDX,28.746548137459694,2.297506502668708,24.151535132122277,5,135,The Bees With Two Backs/GDC4,Bee Bang Banditos/KQ30,Infinite Joust/GDC3,Higgins Boson/BB3,SMUT COFFEE/CC2
Lex Wilkins,PDX,34.5252361011894,2.4317270339408497,29.661782033307702,4,119,The Bees With Two Backs/GDC4,Sting Theory/BB4,How Do I Shoot?/BB3,Applesauce/CC3
Thomas Hardy,PDX,37.0295152594306,2.2707680891190685,32.487979081192464,4,127,The Bees With Two Backs/GDC4,Sting Theory/BB4,DAD REACTS ONLY/BB3,Sir HaTrick Stewart/CC3
Jeff Hochgesang,PHX,23.84751271502323,2.1087862646521565,19.629940185718915,7,169,Pokemon NO/GDC4,Hive it Our Way/HH2,Hate & Smashberry/GDC3,Beenix Rising/BB3,Gates Give You Wings/HH1,Cowbois Beesbop/CC1,Homecoming/CC3
Toni Scarlett,PHX,29.37775325729347,2.1441770724085245,25.08939911247642,6,159,Pokemon NO/GDC4,Hive it Our Way/HH2,Beenix Rising/BB3,Gates Give You Wings/HH1,Cowbois Beesbop/CC1,Homecoming/CC3
Jared Gamble,SEA,21.36474133600573,2.9995121406977923,15.365717054610144,5,101,Pokemon NO/GDC4,Splash of SEA-MIN/MGF2,Couples Bearapy/GDC3,SEA-MIN/BB3,ELF Poison Wizard/CC3
Quinn Mazure,SEA,32.69519145967595,2.5328493275355295,27.629492804604887,4,115,Pokemon NO/GDC4,BumbleTrash/BB4,Starship Enterhive/BB3,Down To Flex/CC3
Nate Sloat,SEA,31.064297913289447,2.8255633257184694,25.413171261852508,5,108,Pokemon NO/GDC4,Couples Bearapy/GDC3,Seattle BooperSonics/BB3,Show Me Your Boops/CC1,RAGE FACE/CC2
Cody Frederickson,PDX,36.47093392001934,1.880029227926232,32.710875464166875,8,241,Peach LLC/GDC4,Seattle BooperSonics/KQ30,Sting Theory/BB4,Don't. You Won't./GDC3,Nice~Heaven/BB3,Sad (I Promise)/HH1,He'll Yeah/CC1,Fifth Wheel/CC2
Matt Feldkamp,PDX,34.800446662553185,2.2041420709016886,30.392162520749807,6,165,Peach LLC/GDC4,Don't. You Won't./GDC3,Nice~Heaven/BB3,Sad (I Promise)/HH1,He'll Yeah/CC1,Fifth Wheel/CC2
Heather Davis,SF,24.581478030622936,1.980433463441362,20.620611103740213,9,201,Peach LLC/GDC4,Boops Ahoy/MGF2,Bring Ingredient/BB4,Queso Fresco/GDC3,lil chomp/BB3,SFXXX/HH1,Miller Time/CC1,Fifth Wheel/CC2,Miller Luck/CC3
Kayla Grothaus,MPLS,31.70301795960657,1.713432853650917,28.276152252304737,8,240,Peach LLC/GDC4,Big Fair Don't Care/MGF2,Shots Fired/KQ30,M A S K S/BB4,Purple Reign/BB3,Crashed Ice/HH1,Fons Pszczoly/CC1,Cheetoh/CC3
Chris Baldwin,MPLS,29.10571627947366,1.840859917990074,25.423996443493515,6,181,Peach LLC/GDC4,Big Fair Don't Care/MGF2,Seattle BooperSonics/BB4,Crashed Ice/HH1,He'll Yeah/CC1,Cheetoh/CC3
Alex Simchuk,PDX,27.529592905820017,3.642573333092376,20.244446239635266,3,71,Crossfaded and Scared in Troutdale/GDC4,Natural Snail Enhancement/HH1,Cobra Khive/CC2
Matt Abdou,PDX,24.46689344691818,2.069995527073458,20.326902392771267,6,174,Crossfaded and Scared in Troutdale/GDC4,#paulallenscard/BB4,Bee Day Squad/HH2,B-Team/BB3,I DIED AND I'M SORRY/CC2,#vanpattenscard/CC3
Adrian Lyle Resquer,PDX,29.747158561691254,4.683035089658842,20.38108838237357,1,38,Crossfaded and Scared in Troutdale/GDC4
Julie King,PDX,29.140392049774754,2.2035083509315494,24.733375347911654,7,172,Crossfaded and Scared in Troutdale/GDC4,Sunshine Squad/KQ30,#paulallenscard/BB4,Scoo-Bee-Doo/GDC3,BERRIES ARE A CHOKING HAZARD/BB3,Bread Bowl/HH1,I DIED AND I'M SORRY/CC2
Nikita Mikros,NY,21.43275475534701,3.9665363219286895,13.49968211148963,3,60,Crossfaded and Scared in Troutdale/GDC4,ToXXXic/KQ30,Better than bots/GDC3
Zane Cacace,LA,18.28436403113188,3.159090685181482,11.966182660768915,5,124,Honeyweight Champions/GDC4,B. D. Ogre/BB4,Jennifer Connelly in Phenomena/HH2,BeeDeeOhNo/BB3,Las Abejas de Los Angeles/HH1
Rusteen Honardoost,LA,17.244043257600293,2.9248992517068846,11.394244754186523,6,138,Honeyweight Champions/GDC4,Royal Jelly Jamboree/BB4,Jennifer Connelly in Phenomena/HH2,Berry Pickers Union/BB3,"Berry Pickers Union, Local 69420/HH1",Blue-Eyes White Privilege/CC3
Nicole McKeon,LA,16.595713636180452,3.0580988348591656,10.47951596646212,6,136,Honeyweight Champions/GDC4,Royal Jelly Jamboree/BB4,Jennifer Connelly in Phenomena/HH2,Berry Pickers Union/BB3,"Berry Pickers Union, Local 69420/HH1",Farfetch'd Fan Club/CC3
Chris Bentley,LA,13.635490098906002,4.766050386153312,4.103389326599379,3,63,Honeyweight Champions/GDC4,Berry Pickers Union/BB3,"Berry Pickers Union, Local 69420/HH1"
Matthew Shewfelt,LA,21.020396439124326,7.040881739662913,6.9386329597985,1,30,Honeyweight Champions/GDC4
Andi Slobodien,PDX,25.50222028442296,1.6337175878108734,22.234785108801216,10,281,Nick@Nite Map/GDC4,S H A S H Strikes Back/MGF2,Not Safe for Snail/KQ30,M A S K S/BB4,J Crew/GDC3,lil chomp/BB3,SFXXX/HH1,BYE FELIXIA/CC1,SHASH for the CLASH/CC2,Applesauce/CC3
Nick Davis,CHI,23.79953994017475,1.6395695510697974,20.520400838035155,7,230,Nick@Nite Map/GDC4,Reeeeeeee/MGF2,bingu!/KQ30,Ni Howdy/BB4,Got Gitted Good/HH2,Queso Fresco/GDC3,Hazard Phase/BB3
Nick Higgins,PDX,22.85222734012739,2.381870979706811,18.088485380713767,4,108,Nick@Nite Map/GDC4,J Mind/MGF2,Sunshine Squad/KQ30,Down To Flex/CC3
Dylan Lee,PDX,33.46226658670294,1.831118935970627,29.800028714761684,8,212,Dope Shit Only/GDC4,Something Something Toxic/MGF2,[loud daphane noises]/KQ30,"Dope Hair, Don't Care/BB4",Infinite Joust/GDC3,DAD REACTS ONLY/BB3,Blue Bulls/HH1,I DIED AND I'M SORRY/CC2
Billy Faldo,KC,33.80535420380341,1.9267409334901302,29.95187233682315,7,201,Dope Shit Only/GDC4,Scott Christopher Aldridge/KQ30,Don't. You Won't./GDC3,Too Many Gummies/BB3,Blue Bulls/HH1,Sedona My Face/CC1,Fifth Wheel/CC2
Ken Selby,SEA,25.280930861286087,2.781673059760059,19.717584741765968,4,86,Be Bestest/GDC4,Queso Fresco/GDC3,Calamitibees/BB3,My Voice... on Anime/CC2
Brian Kang,NYC,30.49236541527439,2.120873689040504,26.25061803719338,5,150,Be Bestest/GDC4,Chum Bucket/KQ30,Put Your Hands In The Air/BB4,J Crew/GDC3,Team Break/BB3
Jack Salaski,MPLS,27.1835181069336,2.5329331241485202,22.11765185863656,4,105,Be Bestest/GDC4,Oh Jeez/MGF2,Ope!/GDC3,wow/BB3
Johnmark Faris,PDX,34.44536834606093,1.9721078206488827,30.501152704763165,6,171,Good Luck/GDC4,Not Safe for Snail/KQ30,Sting Theory/BB4,Infinite Joust/GDC3,Higgins Boson/BB3,Applesauce/CC3
Neal Smith,PDX,33.59513182130064,1.8847334227028694,29.825664975894902,7,207,Good Luck/GDC4,Ruin My Hole/GDC3,Nice~Heaven/BB3,Sad (I Promise)/HH1,Sedona My Face/CC1,Sedona MySpace/CC2,Applesauce/CC3
Mat Herring,PDX,29.17058372760286,2.173019031502608,24.824545664597643,5,145,Good Luck/GDC4,Ruin My Hole/GDC3,Nice~Heaven/BB3,Sad (I Promise)/HH1,Sedona MySpace/CC2
David Garzon,CHI,30.291555673488688,1.7468627029458057,26.797830267597078,8,218,Good Luck/GDC4,Hunks/KQ30,Ruin My Hole/GDC3,The Yung Knucks/BB3,Big Drink Energy/HH1,Miller Time/CC1,Executive Producer Dick Wolfpac/CC2,Rise Up Lights/CC3
Jacob Whiteoak,MPLS,16.772582006109147,3.937803719390355,8.896974567328437,3,62,Inherent Vice/GDC4,ain't no laws/MGF2,Crashed Ice/HH1
Amanda Pertwee,CBUS,18.793433026595423,5.211470241093247,8.370492544408929,1,30,Inherent Vice/GDC4
Ben Engel,SLC,22.389216138111472,3.1365818962953176,16.116052345520835,3,80,Inherent Vice/GDC4,Bumpkin Spice Latte/HH2,Stat Daddies/CC3
Miranda Aguilar,PDX,30.18384285081671,2.023158398538746,26.13752605373922,5,159,Inherent Vice/GDC4,Pince Harming/BB4,Flappers & The Dapper Tappers/BB3,MDMA W/CC2,Sir HaTrick Stewart/CC3
Desirae Post,PDX,23.173731175717098,3.7446077288519115,15.684515718013275,3,69,Inherent Vice/GDC4,Scoo-Bee-Doo/GDC3,Bourgeois Bees/BB3
Austin Kemmer,FM,19.658561805105123,6.807475764283415,6.043610276538292,1,14,ain't no laws/MGF2
Keli Gilbertson,MPLS,21.347177384270758,4.356799969719517,12.633577444831724,3,44,ain't no laws/MGF2,Ope!/GDC3,Crashed Ice/HH1
John Schneider,FM,19.65856180510513,6.807475764283415,6.043610276538299,1,14,ain't no laws/MGF2
Dustin Kerber,FM,19.65856180510512,6.807475764283415,6.043610276538288,1,14,ain't no laws/MGF2
Hilton Jones,MAD,22.29759067942962,2.9277473146922874,16.442096050045045,4,93,Tim Curry & The Mystery of Cheese Pizza/MGF2,Trashturbation/KQ30,Some Like It Honk/BB4,Hot Dish/BB3
Stefen Showers,MAD,29.406078867197817,3.4604930069528983,22.48509285329202,2,49,Tim Curry & The Mystery of Cheese Pizza/MGF2,Some Like It Honk/BB4
Heidi Jones,MAD,22.297590679429632,2.9277473146922866,16.44209605004506,4,93,Tim Curry & The Mystery of Cheese Pizza/MGF2,Trashturbation/KQ30,Some Like It Honk/BB4,Hot Dish/BB3
Paul Fore,MPLS,26.363679757085954,2.3490744491960003,21.665530858693955,3,105,Two Spoons/MGF2,Live Laugh Love/BB4,Minnesota Mean/BB3
Dexter Chacko,MPLS,31.303164021458784,2.0079245828579184,27.28731485574295,4,148,Two Spoons/MGF2,CHiSP/KQ30,Live Laugh Love/BB4,wow/BB3
David Kirk,CHI,32.115089739747425,2.208488262255297,27.69811321523683,4,129,Two Spoons/MGF2,The Yung Knuxxx/KQ30,A Good Sussparilla/BB4,The Yung Knucks/BB3
Michael Esparza,CHI,26.603027542533017,2.7129768619828196,21.17707381856738,3,80,J Mind/MGF2,Bonus Salt Queen/KQ30,Too Many Gummies/BB3
Maxwel Knudsen,CHA,28.266997725036788,3.929679533712497,20.407638657611795,1,32,The Adventure Drone/MGF2
Ryan Nevison,CHA,26.90125190960712,3.171601807625107,20.558048294356905,2,64,The Adventure Drone/MGF2,Friendly Flyers/BB4
Craig Richards,STL,21.510280858035664,2.5071090817288373,16.49606269457799,4,106,Boops Ahoy/MGF2,Arcade AF/KQ30,Dank Booty Apparel Company/BB4,Fleur de Bees/BB3
"Matthew ""Arde"" Zwilling",MPLS,31.274978070043403,2.624865346371369,26.025247377300666,3,92,Fam in Famine/MGF2,Fam in Famine/KQ30,Minnesota Mean/BB3
Dan Miller,MPLS,31.274978070043442,2.624865346371369,26.025247377300705,3,92,Fam in Famine/MGF2,Fam in Famine/KQ30,Minnesota Mean/BB3
Joe Miller,MPLS,31.274978070043446,2.624865346371369,26.02524737730071,3,92,Fam in Famine/MGF2,Fam in Famine/KQ30,Minnesota Mean/BB3
Ryan Rismon,MPLS,33.58378973852944,2.258659494909333,29.066470748710774,4,119,Fam in Famine/MGF2,Fam in Famine/KQ30,POGS/BB4,NODEX/BB3
Connor Venteicher,MPLS,19.4228534518524,2.233014125226426,14.95682520139955,3,104,Fam in Famine/MGF2,Shots Fired/KQ30,POGS/BB4
Nick Larsen,MPLS,26.44213735585655,2.4655047942242274,21.511127767408095,3,101,Oh Jeez/MGF2,Live Laugh Love/BB4,Minnesota Mean/BB3
Jesse Sorensen,MPLS,31.24894360725723,2.2963110850807054,26.65632143709582,3,111,Oh Jeez/MGF2,Live Laugh Love/BB4,wow/BB3
Andrea- MPLS - MGF,MPLS,28.954183821815853,4.234473645370782,20.48523653107429,1,26,Oh Jeez/MGF2
Beau Pulvermacher,MPLS,23.841511798562145,3.1446015898068085,17.55230861894853,4,78,Oh Jeez/MGF2,Cora’s Explorers/KQ30,Ope!/GDC3,TOXIC/BB3
Andrew Quang,CHI,37.46869448960879,1.684920731651565,34.098853026305655,7,246,Reeeeeeee/MGF2,bingu!/KQ30,Ni Howdy/BB4,Double Dreygon/HH2,J Crew/GDC3,MINDFREAK/BB3,Big Drink Energy/HH1
Josh Biedenweg,SF,33.293054417619274,1.6581173627427577,29.97681969213376,7,227,Big Fair Don't Care/MGF2,JoshB's SF Squad/KQ30,SF Sekrit/BB4,J Crew/GDC3,Chomp Chomp/BB3,Womp Womp/HH1,Rise Up Lights/CC3
Justyn Dooley,BOS,20.01797732501591,4.75705078314776,10.503875758720389,2,37,Mr. Buth's Wild Ride/MGF2,Pilcerova's Hornets/BB4
Helen Lau,CHI,34.35761891107457,1.6467471186584186,31.064124673757732,7,263,S H A S H Strikes Back/MGF2,bingu!/KQ30,Ni Howdy/BB4,MINDFREAK/BB3,Big Drink Energy/HH1,SHASH for the CLASH/CC2,Hollywood Reboot/CC3
Taylor Christianson,MPLS,22.66381688445009,3.8263216607243766,15.011173563001336,3,61,Splash of SEA-MIN/MGF2,Trashturbation/KQ30,SEA-MIN/BB3
Kelvin Collado,MPLS,27.70058464564024,4.911620701476123,17.877343242687996,2,36,Splash of SEA-MIN/MGF2,NODEX/BB3
Alex Valdez,MAD,12.633153479525575,3.5857353014749958,5.461682876575583,4,69,Splash of SEA-MIN/MGF2,Cora’s Explorers/KQ30,BeeDeeOhNo/BB3,Bigger Drink Energy/HH1
Shawn Matthew,MPLS,29.829400285034126,4.077616248823758,21.674167787386608,1,26,Something Something Toxic/MGF2
Eduardo Martinez Banda,DFW,34.881892995106675,1.9452316604219764,30.991429674262722,4,141,Something Something Toxic/MGF2,Chile Bee-Lleno/KQ30,What is Coin Op?/BB4,Got Gitted Good/HH2
Ryan Vile,CBUS,23.167180456308607,3.1425049174426585,16.882170621423292,2,64,Get Dixie Rekt/MGF2,BOOM! Tetris/BB4
Hugo Meneses,KC,24.38557447264678,2.7888721986594702,18.80783007532784,4,88,Get Dixie Rekt/MGF2,FaZe Clan/KQ30,Broke Boi$ Mtn/GDC3,Too Many Gummies/BB3
Toshi Satow,SEA,26.340762736904214,2.2392030484655403,21.862356639973132,6,150,Trash/MGF2,Trashturbation/KQ30,BumbleTrash/BB4,Bee Day Squad/HH2,Starship Enterhive/BB3,Cactus Trash/CC2
Rachel Rohrbach,SEA,30.521307925818853,2.7801886845252666,24.960930556768318,4,94,Trash/MGF2,Trashturbation/KQ30,BumbleTrash/BB4,Cactus Trash/CC2
Jesse Spalding,MPLS,26.61551706944388,5.335320112750694,15.94487684394249,1,18,Trash/MGF2
Brian Malloy,SFL,26.11663300130713,6.708519502217538,12.699593996872053,1,12,Laser Wolf/MGF2
Dave - SFL,SFL,22.12579275152357,4.591577645571444,12.94263746038068,2,36,Laser Wolf/MGF2,ALL FOUR ONE/KQ30
Jon - SFL - MGF,SFL,26.11663300130713,6.708519502217538,12.699593996872053,1,12,Laser Wolf/MGF2
Fez - SFL,SFL,22.12579275152357,4.591577645571444,12.94263746038068,2,36,Laser Wolf/MGF2,ALL FOUR ONE/KQ30
Nick Valentine,MPLS,24.270314976579346,3.220508189862099,17.829298596855146,4,94,PIZZA/MGF2,Fam in Famine/KQ30,PIZZA/BB4,PIZZA/BB3
Kat Naden,MPLS,17.390984549841033,5.371770030584999,6.647444488671034,2,33,PIZZA/MGF2,PIZZA/BB3
Karla Gonzalez,MPLS,17.390984549841036,5.371770030584999,6.647444488671038,2,33,PIZZA/MGF2,PIZZA/BB3
Alison Jesme,MPLS,16.500724996832883,4.371854334086558,7.757016328659766,3,64,PIZZA/MGF2,PIZZA/BB4,PIZZA/BB3
Francis Sullivan,MPLS,17.32760275124452,4.214125219284105,8.89935231267631,3,61,PIZZA/MGF2,PIZZA/BB4,Calamitibees/BB3
Christos Passalis-Bain,MKE,22.655050074704423,6.337198989243905,9.980652096216613,1,12,HAT GANG/MGF2
Eric Brill,MKE,22.655050074704423,6.337198989243905,9.980652096216613,1,12,HAT GANG/MGF2
Nate Winter,MKE,22.655050074704423,6.337198989243905,9.980652096216613,1,12,HAT GANG/MGF2
"Elizabeth ""Eli"" Bramm",MKE,22.655050074704423,6.337198989243905,9.980652096216613,1,12,HAT GANG/MGF2
Kyle Gustafson,MKE,21.81694179004774,2.638529543327874,16.539882703391992,4,88,HAT GANG/MGF2,FaZe Clan/KQ30,Keeper of the Shades™/BB4,ELF Poison Wizard/CC3
Geovanny Tzarax,MPLS,26.509307281249978,4.197938793219367,18.113429694811245,2,39,Refried Bees/MGF2,NODEX/BB3
Carlos Trejo,DFW,31.862000357249066,2.0983794521608305,27.665241452927404,5,140,Refried Bees/MGF2,Chile Bee-Lleno/KQ30,What is Coin Op?/BB4,Queens of the Drone Age/HH2,ELF Poison Wizard/CC3
Errol Higdon,MPLS,23.45144423517576,4.8630074135684564,13.725429408038847,1,19,Refried Bees/MGF2
Ken Bougie,MPLS,26.509307281249978,4.197938793219367,18.113429694811245,2,39,Refried Bees/MGF2,NODEX/BB3
Shelby Marie,MPLS,23.45144423517576,4.8630074135684564,13.725429408038847,1,19,Refried Bees/MGF2
Sam Tregillus,MPLS,19.760386454491822,6.305621302686051,7.149143849119721,1,14,The Bee Sharps/MGF2
Scott Myran,MPLS,19.760386454491822,6.305621302686051,7.149143849119721,1,14,The Bee Sharps/MGF2
Jake Helgerson,MPLS,10.48072280791759,5.695912454746993,-0.9111021015763949,2,28,The Bee Sharps/MGF2,Sleeper Scene/MGF2
Jack Johnson,MPLS,19.760386454491826,6.305621302686051,7.149143849119724,1,14,The Bee Sharps/MGF2
Ashleigh Cimino,MPLS,19.760386454491822,6.305621302686051,7.149143849119721,1,14,The Bee Sharps/MGF2
Sean White,MPLS,16.27005749722448,6.6939333037229956,2.8821908897784905,1,14,Sleeper Scene/MGF2
Tiffany Nelson,MPLS,16.27005749722448,6.6939333037229956,2.8821908897784905,1,14,Sleeper Scene/MGF2
Luke Lemke,MPLS,16.27005749722447,6.6939333037229956,2.88219088977848,1,14,Sleeper Scene/MGF2
Josh Nielsen,MPLS,16.27005749722448,6.6939333037229956,2.8821908897784905,1,14,Sleeper Scene/MGF2
Paul Hillman,PDX,21.80044465659345,4.679697638387304,12.44104937981884,2,36,A Team Has No Name/MGF2,BYE FELIXIA/CC1
Ian Cummings,MPLS,21.55199606376972,4.343977668308163,12.864040727153395,2,38,A Team Has No Name/MGF2,Cora’s Explorers/KQ30
Benton-MGF-SEA,SEA,23.696070716800925,5.585545382682998,12.52497995143493,1,18,A Team Has No Name/MGF2
Nick Bornemann,MPLS,12.498256387953285,3.7592498534923156,4.979756680968654,3,67,A Team Has No Name/MGF2,B. D. Ogre/BB4,It's Pronounced GIF/BB3
Robert Miller,MPLS,24.7383884467445,5.957784572632218,12.822819301480065,1,15,Bazinga/MGF2
Lindsay Miller,MPLS,24.7383884467445,5.957784572632218,12.822819301480065,1,15,Bazinga/MGF2
Gabriel Brown,MPLS,24.7383884467445,5.957784572632218,12.822819301480065,1,15,Bazinga/MGF2
Nate Fitzgerald,MPLS,24.7383884467445,5.95778457263222,12.822819301480061,1,15,Bazinga/MGF2
Gorzo Zorig,MPLS,24.7383884467445,5.95778457263222,12.822819301480061,1,15,Bazinga/MGF2
Ben Hagaman,MPLS,18.45343811660459,7.104700161038912,4.244037794526767,1,12,Free Agents/MGF2
Johanna Rose,MPLS,11.635600100814393,5.761826005798339,0.11194808921771582,2,30,Free Agents/MGF2,It's Pronounced GIF/BB3
Emily Montgomery,MPLS,18.453438116604605,7.104700161038912,4.244037794526781,1,12,Free Agents/MGF2
Rosalinda Olivares,DFW,24.151316079644165,3.393895233934722,17.36352561177472,2,53,Free Agents/MGF2,What is Coin Op?/BB4
Bri Mastin,FM,18.453438116604605,7.104700161038912,4.244037794526781,1,12,Free Agents/MGF2
John Colby Cook,CHI,24.90098165317958,2.383453662523602,20.134074328132378,4,110,Hunks/KQ30,Spicy Milk/BB4,It Has Been/BB3,Executive Producer Dick Wolfpac/CC2
Josh Debonis,NYC,17.172295777866935,5.771807032772613,5.628681712321709,1,16,ToXXXic/KQ30
Amanda Debonis,NYC,17.172295777866935,5.771807032772613,5.628681712321709,1,16,ToXXXic/KQ30
Woody Stanfield,CHI,36.10756154270052,1.9437794438576699,32.22000265498518,5,169,Uh/KQ30,Ni Howdy/BB4,Got Gitted Good/HH2,It Has Been/BB3,Blue-Eyes White Privilege/CC3
Dan Barron,CHI,38.58788102663797,2.3877382647023007,33.81240449723337,3,125,Uh/KQ30,Ni Howdy/BB4,MINDFREAK/BB3
Rishi Khullar,CHI,37.778025447988874,2.8731782643154022,32.03166891935807,2,78,Uh/KQ30,MINDFREAK/BB3
Andrew Kelley,PHX,30.222212137238614,1.7826026066948877,26.65700692384884,6,224,Melissophilia/KQ30,Put Your Hands In The Air/BB4,CLEAN/BB3,Sedona My Face/CC1,Sedona MySpace/CC2,Homecoming/CC3
Peter Williams,NYC,30.91490706531566,3.287140469275327,24.340626126765006,1,42,Melissophilia/KQ30
Alex Hogan,CBUS,22.597189161236297,3.4904562977195654,15.616276565797166,2,51,Talk XXX To Me/KQ30,ClusterDuc/BB4
Kaylan Ellis,CBUS,21.52140788303833,5.162755470953953,11.195896941130423,1,20,Talk XXX To Me/KQ30
Eric Howell,CBUS,22.047080468848186,3.4988522132361726,15.04937604237584,2,55,Talk XXX To Me/KQ30,Super Smash Bees/BB4
Alex Kogan,CHI,17.98509548529141,3.390631788777021,11.203831907737367,2,55,Talk XXX To Me/KQ30,Bring Ingredient/BB4
Louise Reilly,MAD,15.048217648511894,5.582030022993198,3.884157602525498,1,16,Domme/KQ30
Josh Eklow,CHI,18.21359408492257,3.9374587116456707,10.338676661631228,3,52,Domme/KQ30,Calamitibees/BB3,Miller Time/CC1
Adriana Chechik,CHI,27.318664752447187,3.106537616587421,21.105589519272346,1,41,bingu!/KQ30
Brian Hennen,CHA,25.899448018400626,4.564541338800026,16.770365340800574,1,27,Jen & Micah's 1-Year Anniversary/KQ30
Adam Blonski,CHI,19.678772051194223,3.7873756156055554,12.104020819983113,2,52,The Leftovers/KQ30,Royal Jelly Jamboree/BB4
Jon Duong,CHI,16.55702123856864,5.360629718461332,5.835761801645978,1,20,The Leftovers/KQ30
Bri McCabe,CHI,16.55702123856864,5.360629718461332,5.835761801645978,1,20,The Leftovers/KQ30
Bert Wierenga,CHI,29.63479733947288,2.637518389861119,24.35976055975064,4,104,Eat My Jorts/KQ30,A Good Sussparilla/BB4,J Crew/GDC3,Happy New Year/BB3
Brian Susman,CHI,24.906827523251604,3.740888747514022,17.42505002822356,2,49,Eat My Jorts/KQ30,Happy New Year/BB3
Christina Norton,CHI,27.14220133703984,2.1848590425012593,22.772483252037322,4,125,Eat My Jorts/KQ30,A Good Sussparilla/BB4,Happy New Year/BB3,Rise Up Lights/CC3
Nick Giacone,CHI,24.906827523251607,3.740888747514022,17.425050028223563,2,49,Eat My Jorts/KQ30,Happy New Year/BB3
Tressa Points,SEA,27.405891108434336,1.9145431879079116,23.576804732618513,6,163,Seattle BooperSonics/KQ30,Seattle BooperSonics/BB4,Couples Bearapy/GDC3,Show Me Your Boops/CC1,Classic Romcom/CC2,Hollywood Reboot/CC3
Alyssa Sweeney,PDX,31.862392838579506,2.940140625312822,25.982111587953863,3,77,Sunshine Squad/KQ30,Sting Theory/BB4,Scoo-Bee-Doo/GDC3
Paul Thomas,SEA,37.126215189410566,2.6658300116823446,31.794555166045875,3,83,Sunshine Squad/KQ30,Seattle BooperSonics/BB3,Classic Romcom/CC2
Jason Galginaitis,PDX,29.296992942310087,1.9670841248353974,25.362824692639293,6,161,Sunshine Squad/KQ30,Pince Harming/BB4,Bee Day Squad/HH2,Scoo-Bee-Doo/GDC3,Bourgeois Bees/BB3,#vanpattenscard/CC3
Michael Rasnic,CHI,30.483190374250203,3.184929177989021,24.11333201827216,2,59,The Yung Knuxxx/KQ30,The Yung Knucks/BB3
Julia Azarcon,CBUS,21.113437540373226,3.6570617524983615,13.799314035376504,2,54,LaCroix Super Drank/KQ30,Super Smash Bees/BB4
Nik - CBUS - KQ30,CBUS,20.380037436137854,5.752514303659402,8.87500882881905,1,19,LaCroix Super Drank/KQ30
Sam Powers,CBUS,21.113437540373226,3.6570617524983615,13.799314035376504,2,54,LaCroix Super Drank/KQ30,Super Smash Bees/BB4
Kenny Hill,CHAT,18.716126751906263,3.9132911957694336,10.889544360367395,2,47,Don't Go Chasing Waterfalls/KQ30,Bumbledore's Army/BB3
Austin Turney,KC,27.563056769858296,2.8847620382126244,21.793532693433047,3,76,Scott Christopher Aldridge/KQ30,Broke Boi$ Mtn/GDC3,Too Many Gummies/BB3
Brendan McGarry,KC,31.3091244658273,3.5217526654842324,24.265619134858834,1,38,Scott Christopher Aldridge/KQ30
Jared Douglas,KC,31.30912446582731,3.5217526654842324,24.265619134858845,1,38,Scott Christopher Aldridge/KQ30
Wyatt Roberts,KC,30.697784900766056,2.732313989132384,25.233156922501287,4,98,Scott Christopher Aldridge/KQ30,Broke Boi$ Mtn/GDC3,Too Many Gummies/BB3,He'll Yeah/CC1
Michael Roman,STL,18.14062241103237,3.290024003334015,11.560574404364342,3,83,Arcade AF/KQ30,Sydney's Side Bees/BB4,Fleur de Bees/BB3
Nick McKeever,STL,24.533240762076844,2.746070852834485,19.041099056407873,3,92,Arcade AF/KQ30,Dank Booty Apparel Company/BB4,How I Met Your Hover/BB3
DJ Knerr,STL,24.134839448830167,2.9337253089711286,18.26738883088791,2,69,Arcade AF/KQ30,Dank Booty Apparel Company/BB4
Anthony Sifuentes,DFW,27.285874521608157,4.404541358778453,18.476791804051253,1,26,Chile Bee-Lleno/KQ30
Julian Ochoa,DFW,27.285874521608157,4.404541358778453,18.476791804051253,1,26,Chile Bee-Lleno/KQ30
Charles Bentley,DFW,30.972774089177435,2.9319234995487164,25.10892709008,2,67,Chile Bee-Lleno/KQ30,What is Coin Op?/BB4
Todd Blatt,BMOR,19.969821299598152,6.4709187168738405,7.027983865850471,1,17,Stinger Bell/KQ30
Jessica Kali,BMOR,19.969821299598145,6.4709187168738405,7.027983865850464,1,17,Stinger Bell/KQ30
Steve Titra,CHI,19.969821299598152,6.4709187168738405,7.027983865850471,1,17,Stinger Bell/KQ30
Andrew Daugherty,NY,32.39962811480962,1.962261381398158,28.47510535201331,5,163,Chum Bucket/KQ30,FSw/oU/BB4,Queens of the Drone Age/HH2,Rice 'n Bees/BB3,"Look Ma, No Wings!/HH1"
Courtney Elizabeth,CBUS,21.53366725005489,4.498294646039864,12.537077957975162,1,20,Spicy: La BoiXXX/KQ30
Brandon Robertson,ATX,22.265666746997834,4.280985520881987,13.70369570523386,2,41,Some Free Bees/KQ30,Hive of the Mantis/BB3
Jonathan Pollard,ATX,22.265666746997834,4.280985520881987,13.70369570523386,2,41,Some Free Bees/KQ30,Hive of the Mantis/BB3
Jaimie Bougie,ATX,22.236011347917323,5.379056902330765,11.477897543255793,1,18,Some Free Bees/KQ30
Mario Herrera,ATX,22.236011347917323,5.379056902330765,11.477897543255793,1,18,Some Free Bees/KQ30
Stephen Kahlke,ATX,22.236011347917323,5.379056902330765,11.477897543255793,1,18,Some Free Bees/KQ30
Cora-Lee Bowman,MPLS,16.900005531886496,4.662891035498382,7.574223460889732,2,39,Cora’s Explorers/KQ30,Hot Dish/BB3
John Dibella,MPLS,22.804902026967888,5.2678750930989215,12.269151840770045,1,20,Cora’s Explorers/KQ30
Rodrigo Cabrera,NYC,26.493957011310158,5.121865504115406,16.250226003079348,1,22,Corn on the Cab/KQ30
Jason Steckey,CLT,27.007112121333567,3.4866806717466123,20.033750777840343,2,57,Corn on the Cab/KQ30,Super Smash Bees/BB4
Ben Mills,NYC,25.030638479784788,3.449129142686534,18.13238019441172,2,49,Corn on the Cab/KQ30,Hive it Our Way/HH2
Alex Panait,NYC,21.538987317964835,3.337224970342982,14.864537377278872,2,52,DON'T PANIC/KQ30,Keeper of the Shades™/BB4
Casey Campbell,CHI,23.55088748048381,3.00185732776831,17.54717282494719,2,61,DON'T PANIC/KQ30,YUH/BB4
Ola Lisowski,MAD,19.708417229581848,5.477479019813508,8.753459189954832,1,22,DON'T PANIC/KQ30
Amanda Trexler,CHI,15.63873692891497,4.66558253033394,6.30757186824709,2,40,DON'T PANIC/KQ30,Hazard Phase/BB3
Josh Bee,CBUS,29.20914635465099,4.061595386240636,21.085955582169717,1,31,ClusterDuc/BB4
Emily Leonard,STL,22.895884222274457,3.3265529041489206,16.242778413976616,2,55,Dank Booty Apparel Company/BB4,How I Met Your Hover/BB3
Joey LeCompte,SEA,16.483249925704218,5.073693796563896,6.335862332576426,1,32,Boops!...I did it again./BB4
Steven Pulliam,PDX,16.483249925704218,5.073693796563896,6.335862332576426,1,32,Boops!...I did it again./BB4
John Chaney,CLT,16.48324992570421,5.073693796563896,6.3358623325764185,1,32,Boops!...I did it again./BB4
Jeffrey Lyman,BOS,16.483249925704186,5.073693796563896,6.335862332576394,1,32,Boops!...I did it again./BB4
Santiago Andaluz Ruiz,BOS,16.48324992570419,5.073693796563896,6.335862332576397,1,32,Boops!...I did it again./BB4
Master Joe,SFL,29.67755268163642,2.666938557902739,24.343675565830942,3,79,Arguably/BB4,Glitch/HH1,Cheetoh/CC3
The Architech (JP),SFL,23.588215609994716,3.786935527182823,16.01434455562907,2,48,Arguably/BB4,Glitch/HH1
Showtime (Michael F),SFL,28.69676612595908,4.287637384562196,20.12149135683469,1,30,Arguably/BB4
Cute Don (Cute Don),SFL,28.696766125959066,4.287637384562196,20.121491356834674,1,30,Arguably/BB4
r0mps (Ricardo),SFL,28.696766125959076,4.287637384562196,20.121491356834685,1,30,Arguably/BB4
Trevor Luster,DSM,17.08240540628364,5.306964365558244,6.468476675167153,1,28,Beemeditated Murder/BB4
Kaitlyn Pace,DFW,17.08240540628364,5.306964365558244,6.468476675167153,1,28,Beemeditated Murder/BB4
Stephen Renfroe,DFW,17.08240540628366,5.306964365558244,6.468476675167171,1,28,Beemeditated Murder/BB4
Dennis Chern,KC,17.082405406283655,5.306964365558244,6.468476675167167,1,28,Beemeditated Murder/BB4
Tony Rojo,MKE,17.08240540628365,5.306964365558244,6.468476675167164,1,28,Beemeditated Murder/BB4
Spencer Burton,BOS,27.32874414007296,3.5996692869404807,20.129405566192,1,40,A Good Sussparilla/BB4
Richard Chan,NYC,35.48616735067759,2.692215548182286,30.101736254313018,2,72,grandpa-billy.rake/BB4,Pigeon Rats/BB3
Kendra Kop,SF,20.62370272284593,3.0681197820123374,14.487463158821257,2,63,Bring Ingredient/BB4,Chill Chill Chill/CC3
Jason Maxwell,CHA,27.239520583119106,3.8174131650126446,19.604694253093818,1,38,BOOM! Tetris/BB4
Camille Cass,CHA,27.23952058311911,3.8174131650126446,19.604694253093818,1,38,BOOM! Tetris/BB4
Karl Smith,NYC,25.141586769867818,3.938484277147023,17.264618215573773,1,34,Big Mac and The McNuggets/BB4
Evan Ritscher,NYC,25.141586769867818,3.938484277147023,17.264618215573773,1,34,Big Mac and The McNuggets/BB4
Jordan Toth,NYC,25.141586769867818,3.938484277147023,17.264618215573773,1,34,Big Mac and The McNuggets/BB4
Brian Knecht,STL,22.499220729039664,4.747730542711206,13.00375964361725,1,31,B. D. Ogre/BB4
Kevin Knecht,STL,22.499220729039642,4.747730542711206,13.00375964361723,1,31,B. D. Ogre/BB4
Logan Duren,CHA,22.499220729039635,4.747730542711206,13.003759643617222,1,31,B. D. Ogre/BB4
Brad Schoenherr,MPLS,18.572339678133556,3.8190290457989358,10.934281586535684,2,53,Marina & the Diamonds/BB4,SEA-MIN/BB3
Joe Pollard,ATX,16.61603578747481,3.839565392506523,8.936905002461764,2,55,Marina & the Diamonds/BB4,WooGoo/BB3
Rick Rushing,CHA,20.314818934922428,4.415469220749122,11.483880493424184,1,32,Friendly Flyers/BB4
Jack Akins,CHA,20.314818934922428,4.415469220749122,11.483880493424184,1,32,Friendly Flyers/BB4
Justin Time,CHA,20.314818934922414,4.415469220749122,11.48388049342417,1,32,Friendly Flyers/BB4
Frankie Pinkston,CHA,20.314818934922414,4.415469220749122,11.48388049342417,1,32,Friendly Flyers/BB4
Brian Aston,JAX,24.93227150573662,4.283019917039567,16.366231671657484,1,38,Dumpster (J)Divers/BB4
Matthew Stevenson,JAX,24.93227150573662,4.283019917039567,16.366231671657484,1,38,Dumpster (J)Divers/BB4
Aaron Bobby,JAX,24.93227150573662,4.283019917039567,16.366231671657484,1,38,Dumpster (J)Divers/BB4
Monica West,JAX,24.932271505736615,4.283019917039567,16.36623167165748,1,38,Dumpster (J)Divers/BB4
Jordan Trajano,JAX,24.932271505736594,4.283019917039567,16.36623167165746,1,38,Dumpster (J)Divers/BB4
John Smith,SF,28.29373892907694,3.8869660011911744,20.519806926694592,1,35,Oishīdesu ka?/BB4
Chris Dessonville,SF,28.820895454266616,2.8114208780669796,23.198053698132657,3,84,Oishīdesu ka?/BB4,Duck Hunt/HH2,Chill Chill Chill/CC3
Nathan Vorhees,PDX,20.836172724555322,2.756433166142875,15.323306392269572,5,108,Oishīdesu ka?/BB4,Berry'd Treasure/BB3,Natural Snail Enhancement/HH1,Beelandia/CC1,Cobra Khive/CC2
Joe P  - SFL - BB4,SFL,24.396829945468657,4.286341350858257,15.824147243752142,1,35,Fresh/BB4
Jabin Thomas,SFL,24.39682994546867,4.286341350858257,15.824147243752156,1,35,Fresh/BB4
Brandon Gould,SFL,24.396829945468685,4.286341350858259,15.824147243752167,1,35,Fresh/BB4
Alex - SFL - BB4,SFL,24.396829945468685,4.286341350858259,15.824147243752167,1,35,Fresh/BB4
James Bishop,SLC,31.63017279649656,3.15005612791049,25.33006054067558,2,71,Escarletsgo/BB4,Bumpkin Spice Latte/HH2
Nickie Bishop,SLC,31.63017279649656,3.15005612791049,25.33006054067558,2,71,Escarletsgo/BB4,Bumpkin Spice Latte/HH2
John Lyons,CIN,24.23891787552638,3.962014464653566,16.31488894621925,1,33,Dick Cheney Profited Off The Iraq War/BB4
Austin Husky,CIN,24.23891787552638,3.962014464653566,16.31488894621925,1,33,Dick Cheney Profited Off The Iraq War/BB4
Hayley Huge,CIN,24.23891787552638,3.962014464653566,16.31488894621925,1,33,Dick Cheney Profited Off The Iraq War/BB4
JC Statt,CIN,24.238917875526372,3.9620144646535658,16.31488894621924,1,33,Dick Cheney Profited Off The Iraq War/BB4
Anthony Haats,CHA,37.116587928766656,3.425579485982628,30.2654289568014,1,40,Double it!/BB4
Given Arnold,CHA,15.79135341650608,5.765251499120379,4.260850418265322,1,34,Bubblegunk Campers/BB4
Josiah Weaver,CHA,15.791353416506078,5.765251499120379,4.260850418265321,1,34,Bubblegunk Campers/BB4
Zach Weaver,CHA,15.79135341650607,5.765251499120379,4.260850418265312,1,34,Bubblegunk Campers/BB4
Luis Fortlin,CHA,15.791353416506078,5.765251499120379,4.260850418265321,1,34,Bubblegunk Campers/BB4
Duncan Arnold,CHA,15.791353416506078,5.765251499120379,4.260850418265321,1,34,Bubblegunk Campers/BB4
Mike Dooley,NY,32.510164275920864,2.8947459228363597,26.720672430248143,2,71,FSw/oU/BB4,Mucho Tasto/GDC3
Jenny Chang,NYC,32.489240382015545,2.7009044381906926,27.08743150563416,2,86,FSw/oU/BB4,Rice 'n Bees/BB3
Chris Wallace,NYC,24.486603181988592,3.015662867522832,18.45527744694293,2,67,FSw/oU/BB4,Lakes On Mars/BB3
Ben Oztaly,SF,19.086970181302398,2.9382250188172274,13.210520143667942,2,62,HoBB4/BB4,Chill Chill Chill/CC3
Ara Roselani,PDX,28.550441721512588,1.9964432882562004,24.557555145000187,6,164,Pince Harming/BB4,Flappers & The Dapper Tappers/BB3,Bread Bowl/HH1,Beelandia/CC1,I DIED AND I'M SORRY/CC2,Sir HaTrick Stewart/CC3
Alexander Lee,DFW,23.069594150218684,2.927363198002408,17.21486775421387,2,59,#paulallenscard/BB4,#vanpattenscard/CC3
Will Edmonson,DFW,23.069594150218677,2.927363198002408,17.214867754213863,2,59,#paulallenscard/BB4,#vanpattenscard/CC3
Ceres Lee,BOS,15.021611755556869,5.700268383225995,3.621074989104878,1,28,Pilcerova's Hornets/BB4
Thomas Boning,BOS,15.021611755556869,5.700268383225995,3.621074989104878,1,28,Pilcerova's Hornets/BB4
Matthew Steele,BOS,15.021611755556865,5.700268383225995,3.6210749891048746,1,28,Pilcerova's Hornets/BB4
Michael Leuchtenburg,BOS,15.021611755556865,5.700268383225995,3.6210749891048746,1,28,Pilcerova's Hornets/BB4
Katie Kasten,DFW,22.31208366868403,4.45965599542146,13.39277167784111,1,33,"Honey, I Killed the Queen!/BB4"
Amy Louangrath,DFW,22.31208366868403,4.45965599542146,13.39277167784111,1,33,"Honey, I Killed the Queen!/BB4"
Corey Cossentino,BMOR,22.31208366868403,4.45965599542146,13.39277167784111,1,33,"Honey, I Killed the Queen!/BB4"
Steven Bartel,MAD,30.696253214687637,4.453720275963726,21.788812662760186,1,32,Royal Jelly Jamboree/BB4
Peter Gill,MAD,30.696253214687637,4.453720275963726,21.788812662760186,1,32,Royal Jelly Jamboree/BB4
Kevan Smoliak,MPLS,21.623492063470888,4.7434042784211865,12.136683506628515,2,52,PIZZA/BB4,PIZZA/BB3
Shelby Renee,MPLS,14.532110518146627,4.834713613876645,4.862683290393337,2,49,PIZZA/BB4,It's Pronounced GIF/BB3
Nate Johnson,ATL,22.522125061336123,4.570028067571949,13.382068926192225,1,32,Top Bottoms/BB4
Sarah Mack,CHA,22.52212506133611,4.5700280675719505,13.382068926192208,1,32,Top Bottoms/BB4
Craig Stukey,LA,11.598302326282921,3.882955248478914,3.8323918293250934,3,68,Top Bottoms/BB4,Ginyu Force/BB3,LBeeC/HH1
Adam Kocis,JAX,23.06699333688409,4.684018505262473,13.698956326359143,1,36,The Spectators/BB4
Kristen Ferris,JAX,23.06699333688409,4.684018505262473,13.698956326359143,1,36,The Spectators/BB4
Evin Schmidt,JAX,23.0669933368841,4.684018505262473,13.698956326359154,1,36,The Spectators/BB4
Vivvian Curran,JAX,23.0669933368841,4.684018505262473,13.698956326359154,1,36,The Spectators/BB4
Joshua Howlett,JAX,23.0669933368841,4.684018505262473,13.698956326359154,1,36,The Spectators/BB4
Kim Grosso,PHX,28.539257817914212,2.312843861972556,23.9135700939691,5,134,Mologna Sandwich/BB4,Gates Give You Wings/HH1,Cowbois Beesbop/CC1,(She Got No) Honey in the Bank/CC2,TFG/CC3
Burton Flake,PHX,21.240247220578862,2.111815465420393,17.016616289738074,7,180,Mologna Sandwich/BB4,"You, Me, and Rick James/HH2",Beenix Rising/BB3,SEABEES/HH1,Taco Bell Conquistadors/CC1,(She Got No) Honey in the Bank/CC2,TFG/CC3
Max Sumeta,PHX,20.54988760378316,3.186008478673875,14.177870646435409,1,52,Mologna Sandwich/BB4
Sam Gramley,PHX,27.423607954399014,2.564620725758176,22.29436650288266,3,93,Mologna Sandwich/BB4,(She Got No) Honey in the Bank/CC2,TFG/CC3
Sydney Niles,CLT,13.569851048902272,5.05249509766444,3.464860853573393,1,28,Sydney's Side Bees/BB4
Aaron Carter,CLT,13.569851048902288,5.05249509766444,3.464860853573409,1,28,Sydney's Side Bees/BB4
Chris Hailey,DFW,31.29927880028063,3.49298860602222,24.31330158823619,1,41,What is Coin Op?/BB4
Maisie Sumo,SF,25.897208487785665,5.227446364449547,15.442315758886572,1,21,Duck Hunt/HH2
Yuting Sumo,SF,25.89720848778567,5.227446364449547,15.442315758886576,1,21,Duck Hunt/HH2
Ryley (Fr00tFly) Sumo,SF,25.897208487785665,5.227446364449547,15.442315758886572,1,21,Duck Hunt/HH2
nykh Sumo,SF,25.89720848778566,5.227446364449547,15.442315758886568,1,21,Duck Hunt/HH2
Kaylee Perkizas,SEA,31.122111496428044,2.235781924896119,26.650547646635808,4,115,Got Gitted Good/HH2,Starship Enterhive/BB3,Go Flex Yourself/CC2,Down To Flex/CC3
Thomas Sumo,SF,25.97112212723172,6.03556996022601,13.8999822067797,1,21,Sumo Berry Boys/HH2
Sean Sumo,SF,25.97112212723172,6.03556996022601,13.8999822067797,1,21,Sumo Berry Boys/HH2
Duc Sumo,SF,25.971122127231688,6.03556996022601,13.899982206779669,1,21,Sumo Berry Boys/HH2
Sam Sumo,SF,25.97112212723172,6.03556996022601,13.8999822067797,1,21,Sumo Berry Boys/HH2
Rishi Sumo,SF,25.97112212723172,6.03556996022601,13.8999822067797,1,21,Sumo Berry Boys/HH2
Phil Bessenecker,LA,15.88862175157311,3.5497926468864103,8.78903645780029,5,91,Jennifer Connelly in Phenomena/HH2,Berry Pickers Union/BB3,"Berry Pickers Union, Local 69420/HH1",Las Abejas de Los Angeles/HH1,Farfetch'd Fan Club/CC3
Steve Lee,LA,32.666503258212245,5.229283503239267,22.207936251733713,1,27,Jennifer Connelly in Phenomena/HH2
Heather Gardner,PDX,35.36885002712719,3.240479451113374,28.88789112490044,2,52,Bee Day Squad/HH2,Natural Snail Enhancement/HH1
Q - Red Bull - HH2,Red Bull,13.798210863072974,5.7883898440843975,2.221431174904179,1,21,Mini Mob/HH2
Hunter Hatch,Red Bull,13.798210863072974,5.7883898440843975,2.221431174904179,1,21,Mini Mob/HH2
Anuhia Reimann,Red Bull,13.79821086307299,5.7883898440843975,2.221431174904195,1,21,Mini Mob/HH2
Natalie Crawford,Red Bull,13.79821086307299,5.7883898440843975,2.221431174904195,1,21,Mini Mob/HH2
Joseph Galligan,Red Bull,13.79821086307299,5.7883898440843975,2.221431174904195,1,21,Mini Mob/HH2
Lukas S. - Red Bull - HH2,Red Bull,17.126131984412837,5.673578353327739,5.778975277757359,1,21,Game of Combs/HH2
Trever Harley,Red Bull,17.126131984412837,5.673578353327739,5.778975277757359,1,21,Game of Combs/HH2
Josh Azuvedo,Red Bull,17.126131984412837,5.673578353327739,5.778975277757359,1,21,Game of Combs/HH2
Finn Hawthorn,Red Bull,17.126131984412837,5.673578353327739,5.778975277757359,1,21,Game of Combs/HH2
Anthony - Red Bull - HH2,Red Bull,17.126131984412837,5.673578353327739,5.778975277757359,1,21,Game of Combs/HH2
Talene Savadian,Red Bull,11.161009192844876,6.136386717882553,-1.1117642429202306,1,21,TEAM SERMOR/HH2
Nicolas Sanguinetti,Red Bull,11.161009192844876,6.136386717882553,-1.1117642429202306,1,21,TEAM SERMOR/HH2
Coltyn Tlumacki,Red Bull,11.16100919284489,6.136386717882553,-1.1117642429202164,1,21,TEAM SERMOR/HH2
Alex Savadian,Red Bull,11.161009192844885,6.136386717882553,-1.1117642429202217,1,21,TEAM SERMOR/HH2
Taylor Larison,Red Bull,11.161009192844885,6.136386717882553,-1.1117642429202217,1,21,TEAM SERMOR/HH2
Rik Oclon,PHX,26.342981036721284,3.800461543734926,18.742057949251432,2,44,"You, Me, and Rick James/HH2",Daddy Mayo/CC3
James Bear,PHX,23.187703005030478,4.497630281026162,14.192442442978153,2,37,"You, Me, and Rick James/HH2",Free Agents/CC3
Christopher Sharp,PHX,26.38393909215342,4.949618395171844,16.484702301809733,1,21,"You, Me, and Rick James/HH2"
josh Spiegel,PHX,26.38393909215344,4.949618395171844,16.484702301809754,1,21,"You, Me, and Rick James/HH2"
Maxwell Calehuff,LA,18.156342240543704,5.635827959598352,6.884686321347001,1,21,Berry Gives You Wings/HH2
Alex P - SLC - HH2,SLC,18.156342240543697,5.635827959598352,6.884686321346994,1,21,Berry Gives You Wings/HH2
Neda Xaymountry,LA,14.31802572743348,4.950733368220118,4.416558990993243,2,35,Berry Gives You Wings/HH2,Farfetch'd Fan Club/CC3
Brendan Smythe,LA,18.156342240543697,5.635827959598352,6.884686321346994,1,21,Berry Gives You Wings/HH2
Luis Ballesteros,LA,18.836920216316564,5.153262986453667,8.53039424340923,1,21,Mulholland Dive/HH2
Carissa Phong,NYC,31.162654459162844,3.3163870876187636,24.529880283925316,2,63,Mulholland Dive/HH2,CLEAN/BB3
Jon So,SF,19.44318196969397,7.490619979543193,4.461942010607585,1,6,Better than bots/GDC3
Alan Dang,LA,19.480636422908574,5.910697370173976,7.659241682560623,2,27,Better than bots/GDC3,Ginyu Force/BB3
Matt Scheiffer,SF,16.157524350791846,5.658143229378144,4.841237892035558,2,21,Better than bots/GDC3,"Berry Pickers Union, Local 69420/HH1"
Better than bots 5,,19.443181969693974,7.49061997954319,4.4619420106075935,1,6,Better than bots/GDC3
Thor,SF,22.855256454024538,6.716126621286294,9.42300321145195,1,10,Broke Boi$ Mtn/GDC3
Zoe Ackerman,SEA,24.77062239656082,4.082289663819794,16.60604306892123,3,54,Couples Bearapy/GDC3,The Flying Snails/BB3,RAGE FACE/CC2
Hailey Aguilar,PDX,32.68921842552355,3.9180703479783547,24.85307772956684,2,47,Don't. You Won't./GDC3,Flappers & The Dapper Tappers/BB3
Asher Toback,PDX,30.12522170427448,4.101157856806886,21.92290599066071,2,44,Don't. You Won't./GDC3,Higgins Boson/BB3
Sam Aldach,SF,23.888648605358416,3.9985368656723757,15.891574874013664,3,55,Double or Nothing/GDC3,DeathQueen/BB3,Pork and Bees/CC1
Conner Silverstein,SF,23.8866513126323,5.37113013201062,13.144391048611059,2,27,Double or Nothing/GDC3,Punxsutawney Trill/CC1
Raven Bagy,NYC,21.203890025409756,4.809894596421897,11.584100832565962,2,28,Double or Nothing/GDC3,East Coast Snailers/BB3
Randy Diaz,NYC,21.203890025409752,4.809894596421897,11.584100832565959,2,28,Double or Nothing/GDC3,East Coast Snailers/BB3
Kevin Snyder,SF,18.57083015629807,7.098764342910544,4.3733014704769815,1,7,Earthquake Season/GDC3
Xander Peterson,SF,22.608333921206313,4.944028809326538,12.720276302553238,2,31,Earthquake Season/GDC3,Pork and Bees/CC1
Kia Zarezadeh,PHX,25.209692991525817,2.770052975169137,19.66958704118754,5,105,Hate & Smashberry/GDC3,SEABEES/HH1,Dank MayMays/CC1,Executive Producer Dick Wolfpac/CC2,Babysitter's Club/CC3
Javan Ivey,PDX,30.94649773854711,3.9271587421088836,23.092180254329342,2,48,Infinite Joust/GDC3,Higgins Boson/BB3
David Henry,PDX,32.32060060837136,3.7093084076518474,24.901983793067664,2,52,Infinite Joust/GDC3,DAD REACTS ONLY/BB3
Alex Jaspersen,SF,29.053236968928218,4.445832008182563,20.16157295256309,2,37,Mahalo/GDC3,Day All Night/BB3
Brett Stilwell,SF,30.548715182934394,4.767918373970214,21.012878434993965,1,26,Mucho Tasto/GDC3
Alex Meester,MPLS,29.727413139610583,3.5245870089089815,22.678239121792622,2,50,Ope!/GDC3,wow/BB3
Mark Nelson,MPLS,23.58070642310371,3.891315734155732,15.798074954792245,2,43,Ope!/GDC3,Purple Reign/BB3
Colby Price,SF,23.749777426646354,6.825309746496943,10.099157933652467,1,8,Queso Fresco/GDC3
Monica-PDX,PDX,23.252876734506035,6.777316079661811,9.698244575182413,1,10,Scoo-Bee-Doo/GDC3
Reed Silverstein,SF,29.067375287326534,4.843194164897494,19.380986957531547,2,37,T.E.A.M./GDC3,Punxsutawney Trill/CC1
Joseph Woolum,CBUS,26.568481492215692,4.964794389848029,16.638892712519635,1,28,Avatar Boi/BB3
Devin Patel,CLT,26.56848149221568,4.964794389848029,16.63889271251962,1,28,Avatar Boi/BB3
Charlie Pfaff,NYC,22.800193869176674,5.569711239860676,11.660771389455322,1,26,Bae Caught Me Drippin'/BB3
Steven Do,PDX,22.388687545357463,3.782113696589279,14.824460152178904,3,58,Berry'd Treasure/BB3,Natural Snail Enhancement/HH1,Beelandia/CC1
Alexander Simchuk,PDX,24.861573710680126,4.223635733009519,16.414302244661087,2,42,Berry'd Treasure/BB3,BYE FELIXIA/CC1
Meaghan Schneider,PDX,15.116059176516947,6.7156917259467654,1.6846757246234159,1,18,B-Team/BB3
Jordan Moritz,PDX,15.116059176516947,6.7156917259467654,1.6846757246234159,1,18,B-Team/BB3
Max Friedrich,PDX,15.116059176516947,6.7156917259467654,1.6846757246234159,1,18,B-Team/BB3
Taryn Costello,PDX,21.71244324340054,3.6287135080189055,14.455016227362728,2,44,B-Team/BB3,Applesauce/CC3
Jen Crawford,CHAT,19.317517207088773,5.8927697198668225,7.531977767355128,1,22,Bumbledore's Army/BB3
Joel Zylka,PDX,26.458664394128597,4.682538466212944,17.09358746170271,1,27,DAD REACTS ONLY/BB3
Scott Adelman,PDX,26.458664394128597,4.682538466212944,17.09358746170271,1,27,DAD REACTS ONLY/BB3
Phillip Jones,ATX,20.946942329608746,6.385246077956416,8.176450173695914,1,21,Dayzed and Confused/BB3
Brian Lucas,ATX,20.946942329608746,6.385246077956416,8.176450173695914,1,21,Dayzed and Confused/BB3
Leah Lucas,ATX,20.946942329608746,6.385246077956416,8.176450173695914,1,21,Dayzed and Confused/BB3
Richard E. Ochoa,ATX,20.946942329608746,6.385246077956416,8.176450173695914,1,21,Dayzed and Confused/BB3
Josh Bird,ATX,20.946942329608746,6.385246077956416,8.176450173695914,1,21,Dayzed and Confused/BB3
Tyler Reed,SEA,29.668242509178697,4.2304676580369085,21.20730719310488,2,42,Jupiter Rising/BB3,RAGE FACE/CC2
Melanie Brown,PDX,25.740480509857925,3.3469256094434736,19.046629290970976,3,66,Jupiter Rising/BB3,Go Flex Yourself/CC2,Down To Flex/CC3
Brandon Adkins,SEA,29.668242509178683,4.2304676580369085,21.207307193104867,2,42,Jupiter Rising/BB3,RAGE FACE/CC2
Sean Bucy,SEA,25.96246075380388,4.3583402157541355,17.24578032229561,2,41,Jupiter Rising/BB3,Go Flex Yourself/CC2
Amanda Camacho,SFL,25.447407227559797,5.246520852317018,14.95436552292576,1,21,East Coast Snailers/BB3
Bob Fleet,STL,20.77230142557117,6.386843680020714,7.998614065529743,1,18,Fleur de Bees/BB3
Ian Brown,SF,20.77230142557117,6.386843680020714,7.998614065529743,1,18,Fleur de Bees/BB3
Alyssa DeMoss,PDX,27.39743390891274,4.3554081966416325,18.68661751562947,2,44,Higgins Boson/BB3,Red-y and A-bull/HH1
Adriana Steinberg,ATX,23.726622852203214,5.33393759620488,13.058747659793454,1,23,Hive of the Mantis/BB3
Phillip Bracy,ATX,23.72662285220321,5.33393759620488,13.05874765979345,1,23,Hive of the Mantis/BB3
Chris Steinberg,ATX,23.72662285220321,5.33393759620488,13.05874765979345,1,23,Hive of the Mantis/BB3
Kiera DeFrange,PDX,26.73630358272168,5.267989986479811,16.20032360976206,1,23,How Do I Shoot?/BB3
Logan Barnett,PDX,21.118428599207796,4.579206609521247,11.960015380165302,2,39,How Do I Shoot?/BB3,Beelandia/CC1
Adrian Resquer,PDX,26.73630358272168,5.267989986479811,16.20032360976206,1,23,How Do I Shoot?/BB3
Vanessa Rhodes,PDX,26.736303582721686,5.267989986479811,16.200323609762066,1,23,How Do I Shoot?/BB3
Daniel Knerr,STL,25.218612237931975,5.5123149878278515,14.193982262276272,1,23,How I Met Your Hover/BB3
James Rasnic,STL,25.218612237931982,5.5123149878278515,14.193982262276279,1,23,How I Met Your Hover/BB3
Megan Stetz,CHI,35.91114281004213,3.1761331987516543,29.558876412538822,2,66,MINDFREAK/BB3,Big Drink Energy/HH1
Erik Beardman,MPLS,32.23657094253141,3.417352971264559,25.40186500000229,2,60,wow/BB3,He'll Yeah/CC1
Karl Nann,MPLS,35.65570332234869,3.3326383627889187,28.990426596770856,2,63,Purple Reign/BB3,Fons Pszczoly/CC1
Matt Woelfel,MPLS,35.65570332234865,3.3326383627889187,28.990426596770813,2,63,Purple Reign/BB3,Fons Pszczoly/CC1
Truett Grigg,CLT,28.383361873696675,4.6333181254659275,19.116725622764818,1,32,Queen's Revenge/BB3
Richard Van,SFL,21.929989764599455,4.917630167630155,12.094729429339145,2,39,Ginyu Force/BB3,Glitch/HH1
David Walsh,LA,29.52382674784215,2.502923117707058,24.517980512428036,4,100,Seattle BooperSonics/BB3,Show Me Your Boops/CC1,Classic Romcom/CC2,Hollywood Reboot/CC3
Evan S,SEA,31.305673521898193,4.577799079521921,22.150075362854352,1,29,Seattle BooperSonics/BB3
Logan David,PDX,26.734035822998457,3.0049509569776305,20.724133909043196,3,81,It Has Been/BB3,Sad (I Promise)/HH1,Sedona MySpace/CC2
Anthony Lieuallen,NYC,31.46626866104964,4.609760528261288,22.246747604527066,1,30,Team Break/BB3
Andrew Seery,PDX,24.423665186840687,4.165035132367348,16.093594922105993,2,44,Bourgeois Bees/BB3,Cobra Khive/CC2
Steven Parker,DC,27.350215031706373,4.815947825898545,17.718319379909282,1,29,Bourgeois Bees/BB3
Raymond Ybarra,PDX,27.350215031706373,4.815947825898545,17.718319379909282,1,29,Bourgeois Bees/BB3
Andrew Laber,KC,31.1294720805317,3.9790666852622882,23.17133871000712,1,41,Rice 'n Bees/BB3
Mitchell Heck,MPLS,23.525815759165773,5.593744829591243,12.338326099983288,1,20,TOXIC/BB3
Andrea Newell,MPLS,23.525815759165752,5.593744829591235,12.338326099983282,1,20,TOXIC/BB3
Hannah Teson,ATX,19.127841220343758,5.697872101948488,7.732097016446781,1,22,WooGoo/BB3
Marcelo Teson,ATX,19.127841220343758,5.697872101948488,7.732097016446781,1,22,WooGoo/BB3
Wayne Parks,ATX,19.127841220343758,5.697872101948488,7.732097016446781,1,22,WooGoo/BB3
Don Thibert,ATX,19.127841220343758,5.697872101948488,7.732097016446781,1,22,WooGoo/BB3
Warren Edwards,PDX,28.57507384668648,4.067276981174576,20.440519884337327,2,44,Flappers & The Dapper Tappers/BB3,Bread Bowl/HH1
Adam Babel,CHI,18.619649226022833,6.033626271507529,6.552396683007775,1,18,Hazard Phase/BB3
Chuck Bressan,CHI,18.619649226022812,6.033626271507529,6.552396683007753,1,18,Hazard Phase/BB3
Anna Thornton,MPLS,18.912429081183646,6.346257298948261,6.219914483287123,1,19,Hot Dish/BB3
Felicia Wong,NYC,21.900004286164013,5.438561276222401,11.02288173371921,1,22,Lakes On Mars/BB3
Joe Mauriello,SEA,21.900004286164023,5.438561276222401,11.02288173371922,1,22,Lakes On Mars/BB3
Daniel Bueno,PDX,22.92042320954403,5.726399845131427,11.467623519281176,1,19,BERRIES ARE A CHOKING HAZARD/BB3
Isaiah DeMoss,PDX,22.92042320954402,5.726399845131427,11.467623519281165,1,19,BERRIES ARE A CHOKING HAZARD/BB3
Brandon Johnson,PDX,22.920423209544015,5.726399845131427,11.467623519281162,1,19,BERRIES ARE A CHOKING HAZARD/BB3
Kevin John,PDX,22.920423209544015,5.726399845131427,11.467623519281162,1,19,BERRIES ARE A CHOKING HAZARD/BB3
Marina Stadick,MPLS,21.03232621311193,5.628281187151739,9.775763838808452,1,20,SEA-MIN/BB3
Chris Thompson,MPLS,21.03232621311193,5.628281187151739,9.775763838808452,1,20,SEA-MIN/BB3
Shea Flaherty Betin,PDX,27.81670425856376,4.326958526987137,19.162787204589485,2,39,Day All Night/BB3,Bread Bowl/HH1
Josh McLaughlin,SEA,25.167135962204927,5.902124470400858,13.36288702140321,1,22,The Flying Snails/BB3
John Bollard,SEA,25.167135962204927,5.902124470400858,13.36288702140321,1,22,The Flying Snails/BB3
Patrick Heth,SEA,25.167135962204924,5.902124470400858,13.362887021403207,1,22,The Flying Snails/BB3
Michael Flanagin,SEA,25.167135962204924,5.902124470400858,13.362887021403207,1,22,The Flying Snails/BB3
David Hunt,PDX,14.72805834360561,6.754006887465945,1.2200445686737211,1,18,Warp World/BB3
Matthew Jakubowski,CHI,14.72805834360561,6.754006887465945,1.2200445686737211,1,18,Warp World/BB3
Kahlief Adams,PDX,14.72805834360561,6.754006887465945,1.2200445686737211,1,18,Warp World/BB3
Xwater,CAN,14.72805834360561,6.754006887465945,1.2200445686737211,1,18,Warp World/BB3
Warp World 5,,14.72805834360561,6.754006887465945,1.2200445686737211,1,18,Warp World/BB3
Julie Denberger,SEA,23.402646986510774,4.486129572732361,14.430387841046052,2,42,Starship Enterhive/BB3,Go Flex Yourself/CC2
Tim Pearson,SEA,19.577437359699186,5.766004517999359,8.045428323700468,1,22,Starship Enterhive/BB3
Stephen Novenstern,NYC,20.692666666521827,5.559385174863375,9.573896316795077,1,19,BeeDeeOhNo/BB3
Jonathan So,SF,20.692666666521827,5.559385174863375,9.573896316795077,1,19,BeeDeeOhNo/BB3
BeeDeeOhNo 5,,20.692666666521827,5.559385174863375,9.573896316795077,1,19,BeeDeeOhNo/BB3
Kevin Vanhorn,MPLS,15.623216215006597,6.346649860256797,2.9299164944930034,1,18,It's Pronounced GIF/BB3
Anna Zarubin,SF,15.623216215006597,6.346649860256797,2.9299164944930034,1,18,It's Pronounced GIF/BB3
Taylor Robbins,SEA,21.94857821193373,4.175126101209367,13.598326009514995,3,49,Show Me Your Boops/BB3,Show Me Your Boops/CC1,Cactus Trash/CC2
Amy Bucy,SEA,18.96901584257692,5.863146820115022,7.242722202346876,1,19,Show Me Your Boops/BB3
Mike Porter,SEA,18.96901584257692,5.863146820115022,7.242722202346876,1,19,Show Me Your Boops/BB3
Show Me Your Boops 4,,18.96901584257692,5.863146820115022,7.242722202346876,1,19,Show Me Your Boops/BB3
Show Me Your Boops 5,,18.96901584257692,5.863146820115022,7.242722202346876,1,19,Show Me Your Boops/BB3
Josh Siegel,LA,12.80773376042969,4.992006271546567,2.823721217336555,2,36,Berry Pickers Union/BB3,Los Angeles Borkriders/HH1
Ryan Squires,EUG,14.453475432824138,6.644998527132758,1.1634783785586222,1,18,We Bees Nasty/BB3
Dan Soomil,EUG,14.453475432824137,6.644998527132758,1.1634783785586205,1,18,We Bees Nasty/BB3
Josh Gebhart,EUG,14.453475432824154,6.644998527132758,1.1634783785586382,1,18,We Bees Nasty/BB3
Jared Mackey,EUG,14.453475432824154,6.644998527132758,1.1634783785586382,1,18,We Bees Nasty/BB3
Soleo Evans,EUG,14.453475432824137,6.644998527132758,1.1634783785586205,1,18,We Bees Nasty/BB3
Crit,SF,27.013730327026536,5.729556989503173,15.55461634802019,1,18,Day All Night/HH1
Amanda Lee,SFL,28.45052670305102,5.751835832559016,16.946855037932984,1,21,Red-y and A-bull/HH1
Floyd,SFL,21.834730340286853,5.700341792981334,10.434046754324186,1,18,Glitch/HH1
Paolo Ongkeko,LA,18.372738585142457,5.828776855642189,6.71518487385808,1,18,Los Angeles Borkriders/HH1
Mike Moss,LA,18.372738585142457,5.828776855642189,6.71518487385808,1,18,Los Angeles Borkriders/HH1
Carl Kaplan,LA,18.372738585142454,5.828776855642189,6.715184873858076,1,18,Los Angeles Borkriders/HH1
Brianne Siegel,LA,18.372738585142454,5.828776855642189,6.715184873858076,1,18,Los Angeles Borkriders/HH1
Jeany Yang,LA,18.600556026165034,5.935694672357824,6.729166681449385,1,15,The Bee's Knees/HH1
Vance Matrisciano,LA,18.60055602616504,5.935694672357824,6.729166681449392,1,15,The Bee's Knees/HH1
Duy Ha,LA,18.60055602616504,5.935694672357824,6.729166681449392,1,15,The Bee's Knees/HH1
Len Deuel,LA,18.60055602616504,5.935694672357824,6.729166681449392,1,15,The Bee's Knees/HH1
Tony Wong,LA,18.60055602616504,5.935694672357824,6.729166681449392,1,15,The Bee's Knees/HH1
Logan Gramley,PHX,25.097071516620158,5.679796630889396,13.737478254841365,1,18,SEABEES/HH1
Tyler Doyle,PHX,18.454420821133528,4.102697112132104,10.24902659686932,3,49,SEABEES/HH1,Risky Beezness/CC2,Miller Luck/CC3
Jeremy R,PHX,25.097071516620158,5.679796630889396,13.737478254841365,1,18,SEABEES/HH1
RJ George,LA,16.304472363867866,6.1067664718936046,4.090939420080657,1,15,No Money No Honey/HH1
Stephen Fehrman,LA,16.304472363867866,6.1067664718936046,4.090939420080657,1,15,No Money No Honey/HH1
Jennifer Morris,LA,16.304472363867866,6.1067664718936046,4.090939420080657,1,15,No Money No Honey/HH1
Michael Cheng,LA,16.304472363867866,6.1067664718936046,4.090939420080657,1,15,No Money No Honey/HH1
Peter Schmidt,LA,16.304472363867866,6.1067664718936046,4.090939420080657,1,15,No Money No Honey/HH1
Will M,LA,22.063083743888093,5.865110755470771,10.332862232946551,1,17,Las Abejas de Los Angeles/HH1
Stephen G,LA,20.67505650182668,4.521787515065566,11.63148147169555,2,33,Las Abejas de Los Angeles/HH1,Blue-Eyes White Privilege/CC3
Megan ,LA,22.063083743888093,5.865110755470771,10.332862232946551,1,17,Las Abejas de Los Angeles/HH1
Craig Hardin,LA,21.66342055450302,6.092107537193709,9.479205480115603,1,18,AL LALA ALLA/HH1
Brennan ,LA,21.66342055450302,6.092107537193709,9.479205480115603,1,18,AL LALA ALLA/HH1
Ryan I,LA,21.66342055450302,6.092107537193709,9.479205480115603,1,18,AL LALA ALLA/HH1
Chris Larson ,PHX,21.66342055450302,6.092107537193709,9.479205480115603,1,18,AL LALA ALLA/HH1
Francis C,LA,21.66342055450302,6.092107537193709,9.479205480115603,1,18,AL LALA ALLA/HH1
Trevor S,LA,12.53634264154733,6.5693053816913345,-0.6022681218353387,1,15,LBeeC/HH1
James S,LA,12.53634264154733,6.5693053816913345,-0.6022681218353387,1,15,LBeeC/HH1
Ian M,LA,12.53634264154733,6.5693053816913345,-0.6022681218353387,1,15,LBeeC/HH1
Brenna M,LA,12.53634264154733,6.5693053816913345,-0.6022681218353387,1,15,LBeeC/HH1
Matt C,LA,18.47213940902847,6.192149992637464,6.08783942375354,1,15,TBD/HH1
Aaron A,LA,18.47213940902847,6.192149992637464,6.08783942375354,1,15,TBD/HH1
Marvin H,LA,18.47213940902847,6.192149992637464,6.08783942375354,1,15,TBD/HH1
Joel A,LA,18.47213940902847,6.192149992637464,6.08783942375354,1,15,TBD/HH1
Dadrian F,LA,18.47213940902847,6.192149992637464,6.08783942375354,1,15,TBD/HH1
Roger L,LA,16.548363339622462,5.931471196883662,4.685420945855137,1,14,Bigger Drink Energy/HH1
Kevin Malac,LA,16.548363339622462,5.931471196883662,4.685420945855137,1,14,Bigger Drink Energy/HH1
Preston M,LA,16.548363339622462,5.931471196883662,4.685420945855137,1,14,Bigger Drink Energy/HH1
DJ,LA,16.548363339622462,5.931471196883662,4.685420945855137,1,14,Bigger Drink Energy/HH1
Bean Bandit,PDX,19.765235976830702,6.1416686982454145,7.481898580339873,1,16,Beelandia/CC1
Chad Troxel,PHX,20.031668996903356,5.879952722753899,8.271763551395559,1,19,Cowbois Beesbop/CC1
Jeremy Singletary,PHX,23.363565240843304,3.3971944983070053,16.569176244229293,3,60,Cowbois Beesbop/CC1,(She Got No) Honey in the Bank/CC2,TFG/CC3
Maynard Malic,PHX,28.894448957891644,4.651477698261378,19.591493561368885,1,31,Dank MayMays/CC1
Jason Bither,PHX,28.894448957891615,4.651477698261378,19.591493561368857,1,31,Dank MayMays/CC1
Hector Gutierrez,PHX,28.894448957891615,4.651477698261378,19.591493561368857,1,31,Dank MayMays/CC1
Michael Dunn,SF,25.78814026479192,6.01668223487813,13.75477579503566,1,20,Punxsutawney Trill/CC1
Cindy Leung,SF,25.788140264791913,6.0166822348781315,13.75477579503565,1,20,Punxsutawney Trill/CC1
Ryan Palach,MPLS,36.34741000990167,4.483880948108747,27.379648113684176,1,32,Fons Pszczoly/CC1
Kabrina Kershaw,PHX,14.613885062205043,6.870011004636228,0.8738630529325864,1,14,Hey This Looks Fun!/CC1
Bob Curry,PHX,14.613885062205043,6.870011004636228,0.8738630529325864,1,14,Hey This Looks Fun!/CC1
Jacon Cox,PHX,14.613885062205044,6.870011004636228,0.8738630529325881,1,14,Hey This Looks Fun!/CC1
Jens Huges,PHX,14.613885062205052,6.870011004636228,0.8738630529325953,1,14,Hey This Looks Fun!/CC1
Robert Arguell,PHX,14.613885062205052,6.870011004636228,0.8738630529325953,1,14,Hey This Looks Fun!/CC1
Mike Hendzel,CHI,23.614894708238403,4.639439197061624,14.336016314115154,2,33,Miller Time/CC1,Cactus Trash/CC2
Mike Miller,CHI,20.534019567032832,4.3032123502148005,11.927594866603231,2,35,Miller Time/CC1,Miller Luck/CC3
Salty,PHX,19.084435450454464,6.51098068256533,6.062474085323805,1,15,Taco Bell Conquistadors/CC1
Ruffles,PHX,13.845208832699567,5.552980938521544,2.73924695565648,2,31,Taco Bell Conquistadors/CC1,Free Agents/CC3
T2,PHX,19.08443545045447,6.51098068256533,6.062474085323812,1,15,Taco Bell Conquistadors/CC1
Ed,PHX,19.084435450454478,6.51098068256533,6.062474085323819,1,15,Taco Bell Conquistadors/CC1
Gab Sosa,SEA,35.08445448909831,3.660721924482186,27.763010640133942,1,33,Classic Romcom/CC2
Adam Schweikart,CBUS,20.598661549268282,4.725330464220145,11.148000620827993,1,22,Executive Producer Dick Wolfpac/CC2
Logan,PHX,29.035475083524602,3.6707727101246515,21.6939296632753,2,46,(She Got No) Honey in the Bank/CC2,Babysitter's Club/CC3
Jay Bucy,SEA,31.908753629690256,5.369863996644416,21.16902563640142,1,20,Go Flex Yourself/CC2
Alex Gonzalez,PDX,18.348907775013753,5.79449295992755,6.7599218551586535,1,15,Cobra Khive/CC2
Alberto Gonzalez,PDX,18.348907775013753,5.79449295992755,6.7599218551586535,1,15,Cobra Khive/CC2
San,PHX,18.160808719294305,4.294995102809351,9.570818513675603,2,33,Risky Beezness/CC2,TFG/CC3
Liz,PHX,15.616488672457288,4.926688115646041,5.763112441165207,2,30,Risky Beezness/CC2,Blue-Eyes White Privilege/CC3
Max,SF,13.511745096876336,4.035734368456027,5.440276359964281,3,51,Risky Beezness/CC2,Blue-Eyes White Privilege/CC3,Attack of the Crones/CC3
Dustin,PHX,17.082783603223866,6.889302185101159,3.3041792330215483,1,14,Risky Beezness/CC2
Dan Kruger,PDX,15.426055084241064,6.422410042260306,2.5812349997204524,1,16,SMUT COFFEE/CC2
Ray Wang,PHX,15.018448379755212,4.331664619386044,6.355119140983124,2,39,SMUT COFFEE/CC2,Daddy Mayo/CC3
Chris Larson,PHX,15.426055084241058,6.422410042260306,2.581234999720447,1,16,SMUT COFFEE/CC2
Eric Van Kirk ,PHX,15.426055084241058,6.422410042260306,2.581234999720447,1,16,SMUT COFFEE/CC2
Ryan Hess,DFW,22.591211922837218,4.356862031854146,13.877487859128927,1,18,#vanpattenscard/CC3
Chris K,SF,23.84853001115212,3.3773889254685407,17.09375216021504,1,32,The Mattrix™️/CC3
Jerry,STL,23.35833545834095,4.52149124606674,14.31535296620747,1,24,Babysitter's Club/CC3
Josh,OMA,23.358335458340967,4.52149124606674,14.315352966207488,1,24,Babysitter's Club/CC3
Aaron Dimet,SF,28.70142618843093,4.155386002028137,20.390654184374654,1,28,Chill Chill Chill/CC3
Katrina,PDX,23.99364790383112,4.337375102879244,15.318897698072632,1,25,Down To Flex/CC3
Kenna,SLC,17.52352398950235,6.446327017691755,4.630869954118841,1,14,Farfetch'd Fan Club/CC3
Kyle,PHX,22.79922160916795,5.3044438223965615,12.190333964374828,1,21,Attack of the Crones/CC3
Eric,DFW,22.799221609167944,5.3044438223965615,12.19033396437482,1,21,Attack of the Crones/CC3
Keoni Monitz,SF,22.799221609167947,5.3044438223965615,12.190333964374824,1,21,Attack of the Crones/CC3
Gene,SLC,23.266208208590335,5.232735441859736,12.800737324870862,1,15,Stat Daddies/CC3
Jake,SLC,23.266208208590335,5.232735441859736,12.800737324870862,1,15,Stat Daddies/CC3
Benton J,ATX,21.041097033582226,4.969612663380738,11.10187170682075,1,22,ELF Poison Wizard/CC3
Richard T,SEA,21.041097033582226,4.969612663380738,11.10187170682075,1,22,ELF Poison Wizard/CC3
Sara Ullenbruch,PHX,23.56583215515968,4.76445517356701,14.036921808025658,1,23,Daddy Mayo/CC3
Hannah,CIN,23.56583215515968,4.76445517356701,14.036921808025658,1,23,Daddy Mayo/CC3
Jordan Lamoreaux,PHX,17.028440648387864,6.5363269048616965,3.955786838664471,1,16,Free Agents/CC3
Brooke Blair,PHX,17.028440648387864,6.5363269048616965,3.955786838664471,1,16,Free Agents/CC3
Anna,PHX,17.028440648387875,6.5363269048616965,3.9557868386644817,1,16,Free Agents/CC3
